Identifiant Client;Type de client;Age du client;Situation familiale;Ancienneté;Domiciliation du salaire;Domiciliation de l'épargne;Profession;Moyenne encours;Moyenne des mouvements;Cumul des débits;Autorisation de découvert;Interdiction de chéquier;Score 1;Score 2
0005;Bon client;plus de  50 ans;célibataire;anc. plus   12 ans;Oui domicilié;pas d'épargne;employé;de 2 à 5 K  encours;plus de 50K mouvt;de 40 à 100  débits;découvert  interdit;chéquier   autorisé;765;700
0011;Bon client;moins de 23 ans;célibataire;anc. 1 an  ou moins;Oui domicilié;pas d'épargne;employé;de 2 à 5 K  encours;moins 10 K  mouvt;moins de 40  débits;découvert  interdit;chéquier   autorisé;465;465
0018;Mauvais client;de 23 à 39 ans;veuf;anc. de 6  à 12 ans;Oui domicilié;pas d'épargne;employé;de 2 à 5 K  encours;plus de 50K mouvt;de 40 à 100  débits;découvert  autorisé;chéquier   interdit;680;555
0024;Bon client;de 23 à 39 ans;divorcé;anc. de 1  à 4 ans;Oui domicilié;moins de 10K épargne;employé;plus de 5 K encours;de 30 à 50K mouvt;de 40 à 100  débits;découvert  interdit;chéquier   autorisé;560;640
0030;Bon client;moins de 23 ans;célibataire;anc. de 6  à 12 ans;Non domicilié;pas d'épargne;employé;de 2 à 5 K  encours;de 10 à 30K mouvt;moins de 40  débits;découvert  interdit;chéquier   autorisé;575;570
0036;Bon client;de 23 à 39 ans;célibataire;anc. 1 an  ou moins;Oui domicilié;pas d'épargne;employé;de 2 à 5 K  encours;moins 10 K  mouvt;moins de 40  débits;découvert  autorisé;chéquier   autorisé;525;475
0042;Bon client;plus de  50 ans;marié;anc. de 6  à 12 ans;Oui domicilié;pas d'épargne;cadre;de 2 à 5 K  encours;plus de 50K mouvt;moins de 40  débits;découvert  interdit;chéquier   autorisé;925;715
0048;Bon client;plus de  50 ans;marié;anc. plus   12 ans;Oui domicilié;pas d'épargne;cadre;de 2 à 5 K  encours;plus de 50K mouvt;moins de 40  débits;découvert  interdit;chéquier   autorisé;925;735
0054;Bon client;de 40 à  50 ans;célibataire;anc. de 1  à 4 ans;Oui domicilié;pas d'épargne;employé;moins de 2K encours;de 30 à 50K mouvt;plus de 100  débits;découvert  autorisé;chéquier   autorisé;565;360
0060;Bon client;plus de  50 ans;célibataire;anc. de 4  à 6 ans;Oui domicilié;pas d'épargne;employé;de 2 à 5 K  encours;plus de 50K mouvt;de 40 à 100  débits;découvert  interdit;chéquier   autorisé;635;605
0066;Bon client;plus de  50 ans;marié;anc. plus   12 ans;Oui domicilié;pas d'épargne;employé;de 2 à 5 K  encours;plus de 50K mouvt;de 40 à 100  débits;découvert  interdit;chéquier   autorisé;795;710
0072;Bon client;de 40 à  50 ans;marié;anc. 1 an  ou moins;Non domicilié;moins de 10K épargne;cadre;de 2 à 5 K  encours;de 30 à 50K mouvt;moins de 40  débits;découvert  interdit;chéquier   autorisé;595;555
0078;Bon client;de 23 à 39 ans;célibataire;anc. de 4  à 6 ans;Non domicilié;pas d'épargne;autre;de 2 à 5 K  encours;moins 10 K  mouvt;de 40 à 100  débits;découvert  autorisé;chéquier   autorisé;430;430
0084;Bon client;de 23 à 39 ans;marié;anc. de 6  à 12 ans;Oui domicilié;pas d'épargne;employé;de 2 à 5 K  encours;de 30 à 50K mouvt;de 40 à 100  débits;découvert  autorisé;chéquier   autorisé;775;620
0090;Bon client;de 40 à  50 ans;divorcé;anc. de 4  à 6 ans;Non domicilié;moins de 10K épargne;cadre;de 2 à 5 K  encours;plus de 50K mouvt;plus de 100  débits;découvert  autorisé;chéquier   autorisé;715;530
0096;Mauvais client;de 40 à  50 ans;divorcé;anc. de 6  à 12 ans;Oui domicilié;pas d'épargne;employé;de 2 à 5 K  encours;de 30 à 50K mouvt;de 40 à 100  débits;découvert  autorisé;chéquier   interdit;650;505
0102;Bon client;plus de  50 ans;célibataire;anc. plus   12 ans;Oui domicilié;pas d'épargne;autre;de 2 à 5 K  encours;de 30 à 50K mouvt;moins de 40  débits;découvert  interdit;chéquier   autorisé;550;730
0109;Mauvais client;plus de  50 ans;veuf;anc. plus   12 ans;Oui domicilié;pas d'épargne;autre;de 2 à 5 K  encours;moins 10 K  mouvt;de 40 à 100  débits;découvert  autorisé;chéquier   interdit;630;520
0115;Bon client;plus de  50 ans;marié;anc. de 4  à 6 ans;Oui domicilié;pas d'épargne;employé;de 2 à 5 K  encours;de 30 à 50K mouvt;moins de 40  débits;découvert  autorisé;chéquier   autorisé;785;630
0121;Bon client;plus de  50 ans;marié;anc. de 4  à 6 ans;Oui domicilié;moins de 10K épargne;employé;plus de 5 K encours;de 30 à 50K mouvt;moins de 40  débits;découvert  interdit;chéquier   autorisé;665;790
0128;Bon client;de 40 à  50 ans;marié;anc. de 1  à 4 ans;Oui domicilié;moins de 10K épargne;employé;de 2 à 5 K  encours;moins 10 K  mouvt;de 40 à 100  débits;découvert  autorisé;chéquier   autorisé;570;545
0134;Bon client;de 23 à 39 ans;célibataire;anc. plus   12 ans;Oui domicilié;pas d'épargne;employé;moins de 2K encours;de 30 à 50K mouvt;plus de 100  débits;découvert  autorisé;chéquier   autorisé;535;480
0140;Bon client;de 23 à 39 ans;célibataire;anc. de 6  à 12 ans;Oui domicilié;pas d'épargne;employé;moins de 2K encours;moins 10 K  mouvt;plus de 100  débits;découvert  autorisé;chéquier   interdit;590;295
0146;Bon client;de 40 à  50 ans;marié;anc. de 6  à 12 ans;Oui domicilié;de 10 à 100K épargne;cadre;plus de 5 K encours;plus de 50K mouvt;plus de 100  débits;découvert  autorisé;chéquier   autorisé;820;780
0152;Mauvais client;de 23 à 39 ans;marié;anc. de 4  à 6 ans;Oui domicilié;pas d'épargne;employé;moins de 2K encours;moins 10 K  mouvt;plus de 100  débits;découvert  autorisé;chéquier   autorisé;325;345
0158;Bon client;de 40 à  50 ans;marié;anc. 1 an  ou moins;Non domicilié;pas d'épargne;employé;de 2 à 5 K  encours;de 30 à 50K mouvt;moins de 40  débits;découvert  autorisé;chéquier   autorisé;575;500
0164;Mauvais client;de 40 à  50 ans;célibataire;anc. plus   12 ans;Oui domicilié;pas d'épargne;employé;moins de 2K encours;de 30 à 50K mouvt;plus de 100  débits;découvert  autorisé;chéquier   autorisé;655;500
0170;Bon client;de 23 à 39 ans;marié;anc. de 4  à 6 ans;Oui domicilié;pas d'épargne;employé;de 2 à 5 K  encours;de 10 à 30K mouvt;de 40 à 100  débits;découvert  autorisé;chéquier   interdit;450;395
0176;Bon client;de 23 à 39 ans;marié;anc. plus   12 ans;Oui domicilié;moins de 10K épargne;employé;moins de 2K encours;moins 10 K  mouvt;plus de 100  débits;découvert  interdit;chéquier   autorisé;730;530
0182;Bon client;plus de  50 ans;marié;anc. de 6  à 12 ans;Oui domicilié;pas d'épargne;employé;de 2 à 5 K  encours;plus de 50K mouvt;de 40 à 100  débits;découvert  interdit;chéquier   autorisé;880;690
0188;Bon client;de 40 à  50 ans;célibataire;anc. 1 an  ou moins;Oui domicilié;pas d'épargne;autre;de 2 à 5 K  encours;de 30 à 50K mouvt;de 40 à 100  débits;découvert  interdit;chéquier   autorisé;510;500
0194;Mauvais client;plus de  50 ans;divorcé;anc. plus   12 ans;Oui domicilié;moins de 10K épargne;cadre;moins de 2K encours;plus de 50K mouvt;plus de 100  débits;découvert  autorisé;chéquier   autorisé;765;565
0200;Bon client;de 40 à  50 ans;marié;anc. plus   12 ans;Oui domicilié;pas d'épargne;employé;de 2 à 5 K  encours;plus de 50K mouvt;de 40 à 100  débits;découvert  autorisé;chéquier   autorisé;795;690
0207;Bon client;moins de 23 ans;marié;anc. de 1  à 4 ans;Oui domicilié;de 10 à 100K épargne;autre;plus de 5 K encours;de 30 à 50K mouvt;de 40 à 100  débits;découvert  autorisé;chéquier   autorisé;280;650
0212;Bon client;de 23 à 39 ans;marié;anc. plus   12 ans;Oui domicilié;plus de 100K épargne;employé;plus de 5 K encours;plus de 50K mouvt;moins de 40  débits;découvert  interdit;chéquier   autorisé;780;960
0218;Bon client;de 40 à  50 ans;célibataire;anc. 1 an  ou moins;Oui domicilié;plus de 100K épargne;employé;plus de 5 K encours;plus de 50K mouvt;plus de 100  débits;découvert  interdit;chéquier   autorisé;680;715
0224;Bon client;de 40 à  50 ans;divorcé;anc. plus   12 ans;Oui domicilié;pas d'épargne;cadre;de 2 à 5 K  encours;plus de 50K mouvt;moins de 40  débits;découvert  interdit;chéquier   autorisé;820;710
0230;Bon client;moins de 23 ans;marié;anc. de 4  à 6 ans;Non domicilié;de 10 à 100K épargne;cadre;plus de 5 K encours;plus de 50K mouvt;de 40 à 100  débits;découvert  interdit;chéquier   autorisé;705;650
0236;Bon client;de 23 à 39 ans;célibataire;anc. 1 an  ou moins;Oui domicilié;pas d'épargne;employé;de 2 à 5 K  encours;moins 10 K  mouvt;de 40 à 100  débits;découvert  autorisé;chéquier   autorisé;550;415
0243;Bon client;de 23 à 39 ans;célibataire;anc. plus   12 ans;Oui domicilié;moins de 10K épargne;cadre;plus de 5 K encours;de 30 à 50K mouvt;moins de 40  débits;découvert  interdit;chéquier   autorisé;680;815
0249;Bon client;de 40 à  50 ans;marié;anc. plus   12 ans;Oui domicilié;pas d'épargne;employé;de 2 à 5 K  encours;de 30 à 50K mouvt;moins de 40  débits;découvert  interdit;chéquier   autorisé;675;735
0255;Bon client;plus de  50 ans;marié;anc. plus   12 ans;Oui domicilié;pas d'épargne;employé;moins de 2K encours;plus de 50K mouvt;plus de 100  débits;découvert  autorisé;chéquier   autorisé;815;545
0261;Bon client;plus de  50 ans;marié;anc. de 6  à 12 ans;Oui domicilié;pas d'épargne;cadre;de 2 à 5 K  encours;de 30 à 50K mouvt;de 40 à 100  débits;découvert  interdit;chéquier   autorisé;875;625
0267;Bon client;de 40 à  50 ans;marié;anc. plus   12 ans;Non domicilié;pas d'épargne;employé;de 2 à 5 K  encours;de 30 à 50K mouvt;moins de 40  débits;découvert  autorisé;chéquier   autorisé;710;665
0273;Bon client;plus de  50 ans;divorcé;anc. plus   12 ans;Oui domicilié;de 10 à 100K épargne;cadre;plus de 5 K encours;plus de 50K mouvt;moins de 40  débits;découvert  interdit;chéquier   autorisé;770;890
0279;Bon client;de 40 à  50 ans;marié;anc. 1 an  ou moins;Oui domicilié;pas d'épargne;cadre;de 2 à 5 K  encours;plus de 50K mouvt;de 40 à 100  débits;découvert  autorisé;chéquier   autorisé;735;490
0285;Bon client;de 40 à  50 ans;divorcé;anc. 1 an  ou moins;Oui domicilié;moins de 10K épargne;employé;plus de 5 K encours;moins 10 K  mouvt;de 40 à 100  débits;découvert  autorisé;chéquier   autorisé;590;570
0291;Mauvais client;de 23 à 39 ans;divorcé;anc. 1 an  ou moins;Oui domicilié;pas d'épargne;employé;de 2 à 5 K  encours;moins 10 K  mouvt;moins de 40  débits;découvert  autorisé;chéquier   autorisé;580;465
0297;Bon client;de 40 à  50 ans;célibataire;anc. plus   12 ans;Oui domicilié;pas d'épargne;autre;de 2 à 5 K  encours;de 30 à 50K mouvt;plus de 100  débits;découvert  autorisé;chéquier   autorisé;580;620
0303;Bon client;de 23 à 39 ans;marié;anc. de 6  à 12 ans;Oui domicilié;de 10 à 100K épargne;autre;plus de 5 K encours;moins 10 K  mouvt;de 40 à 100  débits;découvert  autorisé;chéquier   autorisé;570;745
0309;Mauvais client;de 23 à 39 ans;marié;anc. 1 an  ou moins;Oui domicilié;pas d'épargne;employé;moins de 2K encours;de 30 à 50K mouvt;de 40 à 100  débits;découvert  interdit;chéquier   autorisé;595;370
0315;Bon client;de 23 à 39 ans;célibataire;anc. de 1  à 4 ans;Non domicilié;pas d'épargne;autre;de 2 à 5 K  encours;plus de 50K mouvt;de 40 à 100  débits;découvert  interdit;chéquier   autorisé;110;480
0321;Bon client;de 23 à 39 ans;célibataire;anc. 1 an  ou moins;Oui domicilié;pas d'épargne;autre;de 2 à 5 K  encours;plus de 50K mouvt;de 40 à 100  débits;découvert  interdit;chéquier   autorisé;370;510
0327;Bon client;de 40 à  50 ans;marié;anc. de 6  à 12 ans;Oui domicilié;pas d'épargne;employé;moins de 2K encours;plus de 50K mouvt;plus de 100  débits;découvert  autorisé;chéquier   autorisé;775;520
0333;Bon client;plus de  50 ans;marié;anc. plus   12 ans;Oui domicilié;plus de 100K épargne;cadre;plus de 5 K encours;plus de 50K mouvt;de 40 à 100  débits;découvert  interdit;chéquier   autorisé;850;890
0339;Bon client;plus de  50 ans;marié;anc. 1 an  ou moins;Oui domicilié;pas d'épargne;employé;de 2 à 5 K  encours;plus de 50K mouvt;de 40 à 100  débits;découvert  interdit;chéquier   autorisé;845;545
0345;Bon client;plus de  50 ans;divorcé;anc. de 1  à 4 ans;Oui domicilié;pas d'épargne;cadre;de 2 à 5 K  encours;plus de 50K mouvt;moins de 40  débits;découvert  interdit;chéquier   autorisé;655;575
0351;Bon client;de 23 à 39 ans;célibataire;anc. de 4  à 6 ans;Oui domicilié;moins de 10K épargne;employé;de 2 à 5 K  encours;moins 10 K  mouvt;de 40 à 100  débits;découvert  autorisé;chéquier   autorisé;610;560
0357;Bon client;plus de  50 ans;marié;anc. plus   12 ans;Oui domicilié;de 10 à 100K épargne;cadre;plus de 5 K encours;plus de 50K mouvt;plus de 100  débits;découvert  autorisé;chéquier   autorisé;890;805
0363;Mauvais client;de 40 à  50 ans;marié;anc. plus   12 ans;Oui domicilié;moins de 10K épargne;employé;plus de 5 K encours;de 30 à 50K mouvt;plus de 100  débits;découvert  autorisé;chéquier   autorisé;760;775
0369;Bon client;plus de  50 ans;divorcé;anc. plus   12 ans;Oui domicilié;moins de 10K épargne;autre;plus de 5 K encours;de 30 à 50K mouvt;de 40 à 100  débits;découvert  autorisé;chéquier   autorisé;485;790
0376;Bon client;de 23 à 39 ans;célibataire;anc. plus   12 ans;Oui domicilié;moins de 10K épargne;employé;de 2 à 5 K  encours;de 30 à 50K mouvt;de 40 à 100  débits;découvert  autorisé;chéquier   autorisé;650;705
0382;Mauvais client;plus de  50 ans;marié;anc. de 1  à 4 ans;Oui domicilié;pas d'épargne;employé;moins de 2K encours;de 30 à 50K mouvt;plus de 100  débits;découvert  autorisé;chéquier   autorisé;590;375
0388;Bon client;plus de  50 ans;marié;anc. plus   12 ans;Oui domicilié;pas d'épargne;cadre;moins de 2K encours;de 30 à 50K mouvt;plus de 100  débits;découvert  autorisé;chéquier   autorisé;870;480
0394;Bon client;de 23 à 39 ans;marié;anc. 1 an  ou moins;Oui domicilié;pas d'épargne;cadre;de 2 à 5 K  encours;de 10 à 30K mouvt;moins de 40  débits;découvert  interdit;chéquier   autorisé;590;480
0400;Bon client;moins de 23 ans;célibataire;anc. 1 an  ou moins;Oui domicilié;moins de 10K épargne;cadre;de 2 à 5 K  encours;moins 10 K  mouvt;moins de 40  débits;découvert  interdit;chéquier   autorisé;665;505
0406;Bon client;de 40 à  50 ans;marié;anc. plus   12 ans;Oui domicilié;plus de 100K épargne;autre;plus de 5 K encours;plus de 50K mouvt;de 40 à 100  débits;découvert  interdit;chéquier   autorisé;860;920
0412;Bon client;de 40 à  50 ans;marié;anc. 1 an  ou moins;Oui domicilié;pas d'épargne;employé;de 2 à 5 K  encours;de 10 à 30K mouvt;de 40 à 100  débits;découvert  autorisé;chéquier   autorisé;770;460
0418;Bon client;de 23 à 39 ans;marié;anc. de 4  à 6 ans;Oui domicilié;pas d'épargne;employé;de 2 à 5 K  encours;de 30 à 50K mouvt;moins de 40  débits;découvert  interdit;chéquier   autorisé;675;620
0424;Bon client;plus de  50 ans;célibataire;anc. 1 an  ou moins;Oui domicilié;moins de 10K épargne;autre;de 2 à 5 K  encours;de 30 à 50K mouvt;de 40 à 100  débits;découvert  autorisé;chéquier   autorisé;720;565
0430;Bon client;de 40 à  50 ans;marié;anc. 1 an  ou moins;Oui domicilié;pas d'épargne;employé;de 2 à 5 K  encours;moins 10 K  mouvt;moins de 40  débits;découvert  interdit;chéquier   autorisé;600;520
0436;Mauvais client;de 40 à  50 ans;marié;anc. plus   12 ans;Oui domicilié;de 10 à 100K épargne;employé;plus de 5 K encours;plus de 50K mouvt;plus de 100  débits;découvert  interdit;chéquier   autorisé;860;850
0442;Bon client;de 40 à  50 ans;divorcé;anc. 1 an  ou moins;Oui domicilié;moins de 10K épargne;employé;plus de 5 K encours;de 30 à 50K mouvt;moins de 40  débits;découvert  autorisé;chéquier   autorisé;440;680
0448;Bon client;de 23 à 39 ans;marié;anc. plus   12 ans;Non domicilié;pas d'épargne;employé;de 2 à 5 K  encours;de 30 à 50K mouvt;moins de 40  débits;découvert  interdit;chéquier   autorisé;675;660
0454;Bon client;de 23 à 39 ans;divorcé;anc. 1 an  ou moins;Oui domicilié;pas d'épargne;employé;de 2 à 5 K  encours;moins 10 K  mouvt;moins de 40  débits;découvert  autorisé;chéquier   autorisé;630;465
0460;Bon client;de 40 à  50 ans;célibataire;anc. de 4  à 6 ans;Oui domicilié;de 10 à 100K épargne;cadre;plus de 5 K encours;de 30 à 50K mouvt;de 40 à 100  débits;découvert  interdit;chéquier   autorisé;485;710
0466;Bon client;plus de  50 ans;marié;anc. de 6  à 12 ans;Oui domicilié;pas d'épargne;employé;de 2 à 5 K  encours;plus de 50K mouvt;moins de 40  débits;découvert  autorisé;chéquier   autorisé;820;735
0472;Bon client;de 40 à  50 ans;marié;anc. de 1  à 4 ans;Oui domicilié;pas d'épargne;cadre;de 2 à 5 K  encours;plus de 50K mouvt;moins de 40  débits;découvert  autorisé;chéquier   autorisé;785;575
0478;Mauvais client;de 23 à 39 ans;célibataire;anc. 1 an  ou moins;Non domicilié;pas d'épargne;employé;moins de 2K encours;plus de 50K mouvt;moins de 40  débits;découvert  autorisé;chéquier   interdit;305;265
0484;Bon client;de 40 à  50 ans;marié;anc. plus   12 ans;Oui domicilié;pas d'épargne;employé;de 2 à 5 K  encours;plus de 50K mouvt;moins de 40  débits;découvert  interdit;chéquier   autorisé;805;765
0490;Bon client;plus de  50 ans;marié;anc. de 4  à 6 ans;Oui domicilié;pas d'épargne;employé;moins de 2K encours;plus de 50K mouvt;plus de 100  débits;découvert  interdit;chéquier   autorisé;805;465
0496;Bon client;de 23 à 39 ans;célibataire;anc. de 6  à 12 ans;Non domicilié;moins de 10K épargne;cadre;plus de 5 K encours;plus de 50K mouvt;moins de 40  débits;découvert  interdit;chéquier   autorisé;665;770
0502;Bon client;de 23 à 39 ans;marié;anc. plus   12 ans;Oui domicilié;pas d'épargne;employé;de 2 à 5 K  encours;plus de 50K mouvt;de 40 à 100  débits;découvert  autorisé;chéquier   autorisé;815;670
0507;Bon client;de 40 à  50 ans;marié;anc. plus   12 ans;Oui domicilié;moins de 10K épargne;employé;plus de 5 K encours;plus de 50K mouvt;moins de 40  débits;découvert  interdit;chéquier   autorisé;815;910
0514;Mauvais client;plus de  50 ans;marié;anc. plus   12 ans;Oui domicilié;de 10 à 100K épargne;autre;plus de 5 K encours;de 30 à 50K mouvt;plus de 100  débits;découvert  autorisé;chéquier   autorisé;420;810
0520;Bon client;de 40 à  50 ans;célibataire;anc. plus   12 ans;Oui domicilié;pas d'épargne;employé;de 2 à 5 K  encours;de 30 à 50K mouvt;de 40 à 100  débits;découvert  interdit;chéquier   autorisé;670;665
0526;Bon client;de 40 à  50 ans;marié;anc. de 6  à 12 ans;Oui domicilié;pas d'épargne;employé;de 2 à 5 K  encours;de 30 à 50K mouvt;de 40 à 100  débits;découvert  interdit;chéquier   autorisé;775;655
0532;Bon client;de 23 à 39 ans;marié;anc. de 6  à 12 ans;Oui domicilié;pas d'épargne;employé;de 2 à 5 K  encours;plus de 50K mouvt;moins de 40  débits;découvert  interdit;chéquier   autorisé;660;725
0538;Bon client;plus de  50 ans;veuf;anc. de 4  à 6 ans;Non domicilié;pas d'épargne;cadre;moins de 2K encours;de 10 à 30K mouvt;plus de 100  débits;découvert  autorisé;chéquier   autorisé;635;315
0544;Mauvais client;de 40 à  50 ans;marié;anc. de 1  à 4 ans;Non domicilié;pas d'épargne;employé;de 2 à 5 K  encours;moins 10 K  mouvt;plus de 100  débits;découvert  interdit;chéquier   interdit;600;285
0550;Mauvais client;de 23 à 39 ans;divorcé;anc. 1 an  ou moins;Oui domicilié;moins de 10K épargne;employé;moins de 2K encours;moins 10 K  mouvt;plus de 100  débits;découvert  autorisé;chéquier   interdit;425;215
0556;Bon client;de 40 à  50 ans;marié;anc. 1 an  ou moins;Non domicilié;pas d'épargne;autre;de 2 à 5 K  encours;de 30 à 50K mouvt;plus de 100  débits;découvert  interdit;chéquier   autorisé;480;425
0562;Mauvais client;moins de 23 ans;célibataire;anc. 1 an  ou moins;Non domicilié;pas d'épargne;autre;moins de 2K encours;de 10 à 30K mouvt;plus de 100  débits;découvert  interdit;chéquier   interdit;390;100
0568;Bon client;plus de  50 ans;veuf;anc. plus   12 ans;Oui domicilié;pas d'épargne;cadre;moins de 2K encours;de 10 à 30K mouvt;plus de 100  débits;découvert  autorisé;chéquier   autorisé;830;465
0574;Mauvais client;moins de 23 ans;célibataire;anc. de 6  à 12 ans;Oui domicilié;pas d'épargne;employé;de 2 à 5 K  encours;de 30 à 50K mouvt;de 40 à 100  débits;découvert  autorisé;chéquier   autorisé;600;585
0580;Bon client;plus de  50 ans;marié;anc. de 4  à 6 ans;Oui domicilié;moins de 10K épargne;employé;de 2 à 5 K  encours;de 30 à 50K mouvt;de 40 à 100  débits;découvert  interdit;chéquier   autorisé;730;660
0586;Mauvais client;plus de  50 ans;veuf;anc. de 1  à 4 ans;Non domicilié;pas d'épargne;employé;de 2 à 5 K  encours;plus de 50K mouvt;de 40 à 100  débits;découvert  autorisé;chéquier   autorisé;585;520
0592;Bon client;de 40 à  50 ans;divorcé;anc. 1 an  ou moins;Oui domicilié;de 10 à 100K épargne;employé;plus de 5 K encours;de 30 à 50K mouvt;moins de 40  débits;découvert  interdit;chéquier   autorisé;650;725
0599;Bon client;de 40 à  50 ans;marié;anc. plus   12 ans;Oui domicilié;pas d'épargne;employé;de 2 à 5 K  encours;de 30 à 50K mouvt;de 40 à 100  débits;découvert  autorisé;chéquier   autorisé;690;660
0605;Bon client;moins de 23 ans;célibataire;anc. de 1  à 4 ans;Oui domicilié;pas d'épargne;employé;de 2 à 5 K  encours;de 10 à 30K mouvt;moins de 40  débits;découvert  autorisé;chéquier   autorisé;520;490
0611;Bon client;de 23 à 39 ans;célibataire;anc. de 6  à 12 ans;Oui domicilié;moins de 10K épargne;autre;de 2 à 5 K  encours;de 10 à 30K mouvt;plus de 100  débits;découvert  autorisé;chéquier   autorisé;620;620
0617;Mauvais client;de 23 à 39 ans;marié;anc. de 1  à 4 ans;Oui domicilié;pas d'épargne;employé;moins de 2K encours;de 10 à 30K mouvt;plus de 100  débits;découvert  autorisé;chéquier   autorisé;730;315
0623;Bon client;de 23 à 39 ans;célibataire;anc. 1 an  ou moins;Oui domicilié;pas d'épargne;employé;de 2 à 5 K  encours;de 30 à 50K mouvt;de 40 à 100  débits;découvert  autorisé;chéquier   autorisé;475;465
0630;Bon client;plus de  50 ans;marié;anc. plus   12 ans;Non domicilié;pas d'épargne;employé;de 2 à 5 K  encours;de 30 à 50K mouvt;de 40 à 100  débits;découvert  autorisé;chéquier   autorisé;770;610
0636;Bon client;de 23 à 39 ans;célibataire;anc. de 4  à 6 ans;Non domicilié;pas d'épargne;autre;de 2 à 5 K  encours;de 10 à 30K mouvt;de 40 à 100  débits;découvert  interdit;chéquier   autorisé;565;460
0642;Bon client;de 40 à  50 ans;marié;anc. 1 an  ou moins;Non domicilié;pas d'épargne;autre;de 2 à 5 K  encours;de 30 à 50K mouvt;de 40 à 100  débits;découvert  interdit;chéquier   autorisé;680;455
0648;Bon client;de 23 à 39 ans;marié;anc. de 4  à 6 ans;Oui domicilié;pas d'épargne;employé;moins de 2K encours;plus de 50K mouvt;plus de 100  débits;découvert  autorisé;chéquier   autorisé;595;425
0654;Bon client;moins de 23 ans;célibataire;anc. de 6  à 12 ans;Oui domicilié;pas d'épargne;employé;de 2 à 5 K  encours;plus de 50K mouvt;moins de 40  débits;découvert  autorisé;chéquier   interdit;620;560
0660;Bon client;de 40 à  50 ans;marié;anc. plus   12 ans;Oui domicilié;de 10 à 100K épargne;employé;plus de 5 K encours;plus de 50K mouvt;plus de 100  débits;découvert  autorisé;chéquier   autorisé;780;835
0666;Mauvais client;moins de 23 ans;marié;anc. 1 an  ou moins;Non domicilié;pas d'épargne;autre;moins de 2K encours;moins 10 K  mouvt;plus de 100  débits;découvert  autorisé;chéquier   autorisé;115;195
0673;Bon client;plus de  50 ans;marié;anc. plus   12 ans;Oui domicilié;pas d'épargne;employé;de 2 à 5 K  encours;plus de 50K mouvt;moins de 40  débits;découvert  interdit;chéquier   autorisé;785;770
0679;Mauvais client;de 23 à 39 ans;marié;anc. de 4  à 6 ans;Oui domicilié;pas d'épargne;employé;de 2 à 5 K  encours;de 10 à 30K mouvt;de 40 à 100  débits;découvert  interdit;chéquier   autorisé;650;525
0685;Bon client;plus de  50 ans;célibataire;anc. plus   12 ans;Oui domicilié;pas d'épargne;employé;de 2 à 5 K  encours;plus de 50K mouvt;de 40 à 100  débits;découvert  interdit;chéquier   autorisé;780;700
0691;Bon client;de 23 à 39 ans;marié;anc. 1 an  ou moins;Oui domicilié;pas d'épargne;autre;de 2 à 5 K  encours;moins 10 K  mouvt;moins de 40  débits;découvert  interdit;chéquier   autorisé;565;500
0697;Bon client;plus de  50 ans;marié;anc. de 1  à 4 ans;Oui domicilié;pas d'épargne;autre;de 2 à 5 K  encours;de 10 à 30K mouvt;moins de 40  débits;découvert  autorisé;chéquier   autorisé;650;550
0703;Bon client;de 40 à  50 ans;marié;anc. plus   12 ans;Oui domicilié;pas d'épargne;cadre;de 2 à 5 K  encours;plus de 50K mouvt;de 40 à 100  débits;découvert  interdit;chéquier   autorisé;860;670
0710;Bon client;moins de 23 ans;marié;anc. plus   12 ans;Oui domicilié;pas d'épargne;autre;de 2 à 5 K  encours;de 30 à 50K mouvt;de 40 à 100  débits;découvert  autorisé;chéquier   autorisé;630;615
0716;Bon client;de 40 à  50 ans;marié;anc. de 6  à 12 ans;Oui domicilié;plus de 100K épargne;cadre;plus de 5 K encours;plus de 50K mouvt;moins de 40  débits;découvert  interdit;chéquier   autorisé;740;925
0722;Bon client;de 23 à 39 ans;célibataire;anc. de 6  à 12 ans;Oui domicilié;pas d'épargne;employé;de 2 à 5 K  encours;de 30 à 50K mouvt;moins de 40  débits;découvert  interdit;chéquier   autorisé;640;685
0728;Bon client;de 23 à 39 ans;célibataire;anc. de 6  à 12 ans;Oui domicilié;pas d'épargne;cadre;de 2 à 5 K  encours;de 30 à 50K mouvt;moins de 40  débits;découvert  interdit;chéquier   autorisé;700;650
0734;Bon client;de 23 à 39 ans;divorcé;anc. plus   12 ans;Oui domicilié;de 10 à 100K épargne;employé;plus de 5 K encours;plus de 50K mouvt;moins de 40  débits;découvert  interdit;chéquier   autorisé;720;900
0740;Bon client;de 23 à 39 ans;marié;anc. de 4  à 6 ans;Oui domicilié;pas d'épargne;cadre;de 2 à 5 K  encours;plus de 50K mouvt;moins de 40  débits;découvert  interdit;chéquier   autorisé;785;615
0746;Bon client;plus de  50 ans;divorcé;anc. de 6  à 12 ans;Oui domicilié;pas d'épargne;employé;de 2 à 5 K  encours;plus de 50K mouvt;moins de 40  débits;découvert  interdit;chéquier   autorisé;760;730
0752;Bon client;moins de 23 ans;marié;anc. de 4  à 6 ans;Oui domicilié;moins de 10K épargne;employé;de 2 à 5 K  encours;de 30 à 50K mouvt;moins de 40  débits;découvert  interdit;chéquier   autorisé;725;670
0758;Mauvais client;de 23 à 39 ans;célibataire;anc. 1 an  ou moins;Non domicilié;pas d'épargne;employé;moins de 2K encours;de 10 à 30K mouvt;plus de 100  débits;découvert  autorisé;chéquier   autorisé;580;225
0764;Bon client;de 40 à  50 ans;marié;anc. 1 an  ou moins;Oui domicilié;pas d'épargne;autre;de 2 à 5 K  encours;de 30 à 50K mouvt;de 40 à 100  débits;découvert  autorisé;chéquier   autorisé;545;495
0770;Bon client;moins de 23 ans;marié;anc. plus   12 ans;Oui domicilié;pas d'épargne;cadre;de 2 à 5 K  encours;plus de 50K mouvt;de 40 à 100  débits;découvert  interdit;chéquier   autorisé;815;625
0776;Bon client;de 40 à  50 ans;célibataire;anc. de 6  à 12 ans;Non domicilié;pas d'épargne;employé;de 2 à 5 K  encours;de 10 à 30K mouvt;de 40 à 100  débits;découvert  interdit;chéquier   autorisé;670;555
0782;Mauvais client;de 23 à 39 ans;marié;anc. plus   12 ans;Oui domicilié;pas d'épargne;employé;moins de 2K encours;plus de 50K mouvt;plus de 100  débits;découvert  autorisé;chéquier   autorisé;680;520
0788;Bon client;de 23 à 39 ans;marié;anc. 1 an  ou moins;Oui domicilié;pas d'épargne;employé;de 2 à 5 K  encours;de 30 à 50K mouvt;de 40 à 100  débits;découvert  interdit;chéquier   autorisé;645;490
0794;Bon client;de 23 à 39 ans;célibataire;anc. de 4  à 6 ans;Oui domicilié;de 10 à 100K épargne;employé;plus de 5 K encours;de 30 à 50K mouvt;plus de 100  débits;découvert  autorisé;chéquier   autorisé;670;680
0800;Bon client;de 23 à 39 ans;marié;anc. de 6  à 12 ans;Oui domicilié;pas d'épargne;cadre;de 2 à 5 K  encours;plus de 50K mouvt;moins de 40  débits;découvert  interdit;chéquier   autorisé;685;690
0806;Mauvais client;moins de 23 ans;célibataire;anc. 1 an  ou moins;Oui domicilié;pas d'épargne;employé;de 2 à 5 K  encours;de 10 à 30K mouvt;de 40 à 100  débits;découvert  interdit;chéquier   autorisé;445;420
0813;Bon client;de 23 à 39 ans;célibataire;anc. de 4  à 6 ans;Oui domicilié;pas d'épargne;autre;de 2 à 5 K  encours;de 10 à 30K mouvt;de 40 à 100  débits;découvert  autorisé;chéquier   autorisé;410;500
0819;Bon client;de 23 à 39 ans;marié;anc. de 6  à 12 ans;Oui domicilié;pas d'épargne;autre;de 2 à 5 K  encours;de 10 à 30K mouvt;moins de 40  débits;découvert  interdit;chéquier   autorisé;780;660
0825;Bon client;de 23 à 39 ans;célibataire;anc. de 4  à 6 ans;Oui domicilié;pas d'épargne;employé;de 2 à 5 K  encours;de 10 à 30K mouvt;de 40 à 100  débits;découvert  autorisé;chéquier   autorisé;620;500
0831;Bon client;de 23 à 39 ans;célibataire;anc. 1 an  ou moins;Non domicilié;pas d'épargne;employé;de 2 à 5 K  encours;plus de 50K mouvt;de 40 à 100  débits;découvert  autorisé;chéquier   autorisé;695;440
0837;Bon client;de 40 à  50 ans;célibataire;anc. de 6  à 12 ans;Oui domicilié;de 10 à 100K épargne;employé;plus de 5 K encours;de 30 à 50K mouvt;plus de 100  débits;découvert  autorisé;chéquier   autorisé;605;775
0843;Bon client;de 23 à 39 ans;célibataire;anc. de 6  à 12 ans;Oui domicilié;pas d'épargne;autre;moins de 2K encours;plus de 50K mouvt;plus de 100  débits;découvert  interdit;chéquier   autorisé;740;505
0849;Bon client;de 23 à 39 ans;marié;anc. 1 an  ou moins;Oui domicilié;plus de 100K épargne;autre;plus de 5 K encours;plus de 50K mouvt;moins de 40  débits;découvert  interdit;chéquier   autorisé;355;795
0855;Bon client;de 23 à 39 ans;célibataire;anc. de 6  à 12 ans;Oui domicilié;moins de 10K épargne;cadre;moins de 2K encours;plus de 50K mouvt;plus de 100  débits;découvert  autorisé;chéquier   autorisé;635;530
0861;Mauvais client;de 23 à 39 ans;divorcé;anc. 1 an  ou moins;Oui domicilié;moins de 10K épargne;employé;moins de 2K encours;de 30 à 50K mouvt;plus de 100  débits;découvert  autorisé;chéquier   autorisé;545;380
0867;Bon client;de 40 à  50 ans;divorcé;anc. plus   12 ans;Oui domicilié;pas d'épargne;employé;de 2 à 5 K  encours;de 30 à 50K mouvt;moins de 40  débits;découvert  autorisé;chéquier   autorisé;615;700
0873;Bon client;de 40 à  50 ans;célibataire;anc. plus   12 ans;Oui domicilié;pas d'épargne;employé;moins de 2K encours;de 30 à 50K mouvt;plus de 100  débits;découvert  autorisé;chéquier   autorisé;690;500
0879;Bon client;moins de 23 ans;marié;anc. 1 an  ou moins;Oui domicilié;pas d'épargne;autre;de 2 à 5 K  encours;plus de 50K mouvt;moins de 40  débits;découvert  interdit;chéquier   autorisé;760;555
0885;Bon client;de 23 à 39 ans;marié;anc. de 6  à 12 ans;Oui domicilié;de 10 à 100K épargne;cadre;plus de 5 K encours;plus de 50K mouvt;plus de 100  débits;découvert  autorisé;chéquier   autorisé;710;760
0891;Mauvais client;de 23 à 39 ans;célibataire;anc. de 1  à 4 ans;Oui domicilié;moins de 10K épargne;autre;moins de 2K encours;de 10 à 30K mouvt;plus de 100  débits;découvert  autorisé;chéquier   autorisé;525;380
0899;Bon client;plus de  50 ans;célibataire;anc. plus   12 ans;Oui domicilié;pas d'épargne;autre;de 2 à 5 K  encours;moins 10 K  mouvt;moins de 40  débits;découvert  autorisé;chéquier   autorisé;680;665
0905;Bon client;moins de 23 ans;célibataire;anc. 1 an  ou moins;Non domicilié;pas d'épargne;employé;de 2 à 5 K  encours;moins 10 K  mouvt;moins de 40  débits;découvert  interdit;chéquier   autorisé;385;410
0910;Bon client;moins de 23 ans;célibataire;anc. de 6  à 12 ans;Non domicilié;pas d'épargne;employé;de 2 à 5 K  encours;de 10 à 30K mouvt;de 40 à 100  débits;découvert  autorisé;chéquier   autorisé;535;495
0916;Bon client;plus de  50 ans;marié;anc. plus   12 ans;Oui domicilié;pas d'épargne;employé;de 2 à 5 K  encours;plus de 50K mouvt;moins de 40  débits;découvert  interdit;chéquier   autorisé;860;770
0923;Bon client;de 23 à 39 ans;marié;anc. 1 an  ou moins;Oui domicilié;pas d'épargne;autre;de 2 à 5 K  encours;moins 10 K  mouvt;moins de 40  débits;découvert  interdit;chéquier   autorisé;525;500
0929;Bon client;plus de  50 ans;célibataire;anc. de 6  à 12 ans;Oui domicilié;moins de 10K épargne;employé;de 2 à 5 K  encours;plus de 50K mouvt;moins de 40  débits;découvert  interdit;chéquier   autorisé;675;815
0935;Bon client;de 23 à 39 ans;célibataire;anc. de 6  à 12 ans;Oui domicilié;pas d'épargne;employé;de 2 à 5 K  encours;de 10 à 30K mouvt;moins de 40  débits;découvert  interdit;chéquier   autorisé;535;650
0941;Bon client;de 23 à 39 ans;marié;anc. de 6  à 12 ans;Oui domicilié;de 10 à 100K épargne;employé;plus de 5 K encours;moins 10 K  mouvt;de 40 à 100  débits;découvert  interdit;chéquier   autorisé;760;760
0947;Mauvais client;de 23 à 39 ans;divorcé;anc. de 6  à 12 ans;Oui domicilié;pas d'épargne;employé;de 2 à 5 K  encours;de 30 à 50K mouvt;moins de 40  débits;découvert  autorisé;chéquier   autorisé;695;660
0953;Mauvais client;moins de 23 ans;marié;anc. de 4  à 6 ans;Non domicilié;pas d'épargne;employé;de 2 à 5 K  encours;de 30 à 50K mouvt;de 40 à 100  débits;découvert  autorisé;chéquier   autorisé;635;465
0959;Mauvais client;de 23 à 39 ans;célibataire;anc. de 6  à 12 ans;Oui domicilié;pas d'épargne;employé;de 2 à 5 K  encours;de 30 à 50K mouvt;de 40 à 100  débits;découvert  autorisé;chéquier   autorisé;600;610
0965;Bon client;plus de  50 ans;marié;anc. 1 an  ou moins;Oui domicilié;pas d'épargne;employé;de 2 à 5 K  encours;de 30 à 50K mouvt;de 40 à 100  débits;découvert  interdit;chéquier   autorisé;820;515
0971;Bon client;de 40 à  50 ans;marié;anc. de 4  à 6 ans;Oui domicilié;pas d'épargne;cadre;de 2 à 5 K  encours;plus de 50K mouvt;moins de 40  débits;découvert  interdit;chéquier   autorisé;860;635
0977;Bon client;plus de  50 ans;célibataire;anc. 1 an  ou moins;Oui domicilié;pas d'épargne;employé;de 2 à 5 K  encours;plus de 50K mouvt;de 40 à 100  débits;découvert  autorisé;chéquier   autorisé;680;520
0983;Mauvais client;plus de  50 ans;divorcé;anc. de 1  à 4 ans;Oui domicilié;pas d'épargne;employé;de 2 à 5 K  encours;de 10 à 30K mouvt;de 40 à 100  débits;découvert  autorisé;chéquier   autorisé;560;470
0990;Bon client;de 23 à 39 ans;célibataire;anc. plus   12 ans;Oui domicilié;pas d'épargne;employé;de 2 à 5 K  encours;de 30 à 50K mouvt;moins de 40  débits;découvert  interdit;chéquier   autorisé;635;705
0996;Bon client;moins de 23 ans;célibataire;anc. 1 an  ou moins;Oui domicilié;moins de 10K épargne;autre;de 2 à 5 K  encours;moins 10 K  mouvt;de 40 à 100  débits;découvert  autorisé;chéquier   autorisé;350;465
1002;Bon client;plus de  50 ans;marié;anc. plus   12 ans;Oui domicilié;pas d'épargne;employé;de 2 à 5 K  encours;plus de 50K mouvt;moins de 40  débits;découvert  interdit;chéquier   autorisé;945;770
1008;Bon client;plus de  50 ans;marié;anc. plus   12 ans;Oui domicilié;de 10 à 100K épargne;employé;plus de 5 K encours;plus de 50K mouvt;moins de 40  débits;découvert  interdit;chéquier   autorisé;740;945
1014;Bon client;moins de 23 ans;célibataire;anc. de 1  à 4 ans;Oui domicilié;moins de 10K épargne;autre;de 2 à 5 K  encours;de 30 à 50K mouvt;moins de 40  débits;découvert  interdit;chéquier   autorisé;325;615
1020;Bon client;de 23 à 39 ans;célibataire;anc. de 1  à 4 ans;Non domicilié;pas d'épargne;autre;de 2 à 5 K  encours;moins 10 K  mouvt;moins de 40  débits;découvert  interdit;chéquier   autorisé;380;460
1027;Mauvais client;moins de 23 ans;célibataire;anc. 1 an  ou moins;Oui domicilié;pas d'épargne;employé;de 2 à 5 K  encours;de 10 à 30K mouvt;de 40 à 100  débits;découvert  interdit;chéquier   autorisé;410;420
1033;Bon client;plus de  50 ans;marié;anc. de 6  à 12 ans;Oui domicilié;pas d'épargne;employé;de 2 à 5 K  encours;de 30 à 50K mouvt;de 40 à 100  débits;découvert  interdit;chéquier   autorisé;680;660
1039;Bon client;de 23 à 39 ans;divorcé;anc. 1 an  ou moins;Oui domicilié;pas d'épargne;autre;de 2 à 5 K  encours;de 10 à 30K mouvt;moins de 40  débits;découvert  interdit;chéquier   autorisé;325;495
1045;Bon client;de 23 à 39 ans;marié;anc. 1 an  ou moins;Oui domicilié;pas d'épargne;employé;de 2 à 5 K  encours;moins 10 K  mouvt;moins de 40  débits;découvert  autorisé;chéquier   autorisé;560;485
1051;Mauvais client;de 23 à 39 ans;marié;anc. 1 an  ou moins;Oui domicilié;pas d'épargne;autre;de 2 à 5 K  encours;moins 10 K  mouvt;moins de 40  débits;découvert  interdit;chéquier   autorisé;465;500
1057;Mauvais client;de 40 à  50 ans;marié;anc. 1 an  ou moins;Oui domicilié;moins de 10K épargne;autre;moins de 2K encours;de 30 à 50K mouvt;de 40 à 100  débits;découvert  autorisé;chéquier   autorisé;455;450
1063;Mauvais client;de 23 à 39 ans;marié;anc. 1 an  ou moins;Non domicilié;pas d'épargne;autre;de 2 à 5 K  encours;moins 10 K  mouvt;moins de 40  débits;découvert  interdit;chéquier   autorisé;220;445
1069;Bon client;de 23 à 39 ans;marié;anc. de 4  à 6 ans;Oui domicilié;moins de 10K épargne;employé;de 2 à 5 K  encours;de 10 à 30K mouvt;de 40 à 100  débits;découvert  autorisé;chéquier   autorisé;655;585
1076;Bon client;de 23 à 39 ans;célibataire;anc. 1 an  ou moins;Oui domicilié;pas d'épargne;employé;de 2 à 5 K  encours;de 10 à 30K mouvt;moins de 40  débits;découvert  interdit;chéquier   autorisé;460;505
1082;Bon client;plus de  50 ans;marié;anc. de 6  à 12 ans;Oui domicilié;de 10 à 100K épargne;employé;plus de 5 K encours;plus de 50K mouvt;moins de 40  débits;découvert  autorisé;chéquier   autorisé;740;910
1088;Bon client;de 40 à  50 ans;marié;anc. 1 an  ou moins;Non domicilié;moins de 10K épargne;autre;de 2 à 5 K  encours;de 30 à 50K mouvt;moins de 40  débits;découvert  interdit;chéquier   autorisé;485;590
1094;Mauvais client;de 40 à  50 ans;marié;anc. de 4  à 6 ans;Non domicilié;pas d'épargne;autre;de 2 à 5 K  encours;de 30 à 50K mouvt;moins de 40  débits;découvert  autorisé;chéquier   autorisé;605;570
1100;Bon client;moins de 23 ans;célibataire;anc. 1 an  ou moins;Oui domicilié;moins de 10K épargne;autre;plus de 5 K encours;de 10 à 30K mouvt;de 40 à 100  débits;découvert  interdit;chéquier   autorisé;250;565
1106;Mauvais client;moins de 23 ans;célibataire;anc. 1 an  ou moins;Non domicilié;pas d'épargne;employé;de 2 à 5 K  encours;moins 10 K  mouvt;moins de 40  débits;découvert  interdit;chéquier   autorisé;420;410
1112;Bon client;de 40 à  50 ans;divorcé;anc. 1 an  ou moins;Oui domicilié;pas d'épargne;autre;de 2 à 5 K  encours;de 30 à 50K mouvt;moins de 40  débits;découvert  interdit;chéquier   autorisé;265;550
1118;Bon client;de 40 à  50 ans;marié;anc. de 6  à 12 ans;Oui domicilié;moins de 10K épargne;cadre;plus de 5 K encours;plus de 50K mouvt;plus de 100  débits;découvert  autorisé;chéquier   autorisé;745;750
1124;Bon client;de 40 à  50 ans;marié;anc. 1 an  ou moins;Non domicilié;de 10 à 100K épargne;autre;plus de 5 K encours;plus de 50K mouvt;de 40 à 100  débits;découvert  interdit;chéquier   autorisé;680;660
1130;Bon client;de 23 à 39 ans;célibataire;anc. 1 an  ou moins;Oui domicilié;pas d'épargne;employé;de 2 à 5 K  encours;moins 10 K  mouvt;moins de 40  débits;découvert  autorisé;chéquier   autorisé;710;475
1137;Mauvais client;moins de 23 ans;veuf;anc. 1 an  ou moins;Non domicilié;pas d'épargne;autre;moins de 2K encours;plus de 50K mouvt;plus de 100  débits;découvert  autorisé;chéquier   autorisé;390;295
1144;Bon client;de 40 à  50 ans;marié;anc. plus   12 ans;Non domicilié;moins de 10K épargne;autre;de 2 à 5 K  encours;de 30 à 50K mouvt;de 40 à 100  débits;découvert  autorisé;chéquier   autorisé;795;680
1150;Mauvais client;moins de 23 ans;célibataire;anc. 1 an  ou moins;Non domicilié;pas d'épargne;autre;de 2 à 5 K  encours;moins 10 K  mouvt;moins de 40  débits;découvert  autorisé;chéquier   autorisé;560;395
1156;Bon client;moins de 23 ans;célibataire;anc. 1 an  ou moins;Non domicilié;pas d'épargne;autre;de 2 à 5 K  encours;moins 10 K  mouvt;moins de 40  débits;découvert  interdit;chéquier   autorisé;355;410
1162;Bon client;de 23 à 39 ans;célibataire;anc. de 6  à 12 ans;Oui domicilié;de 10 à 100K épargne;employé;plus de 5 K encours;de 10 à 30K mouvt;plus de 100  débits;découvert  interdit;chéquier   autorisé;540;735
1168;Bon client;plus de  50 ans;divorcé;anc. 1 an  ou moins;Oui domicilié;moins de 10K épargne;employé;plus de 5 K encours;moins 10 K  mouvt;moins de 40  débits;découvert  interdit;chéquier   autorisé;455;650
1174;Bon client;plus de  50 ans;marié;anc. plus   12 ans;Oui domicilié;plus de 100K épargne;cadre;plus de 5 K encours;plus de 50K mouvt;plus de 100  débits;découvert  interdit;chéquier   autorisé;875;860
1180;Mauvais client;moins de 23 ans;célibataire;anc. 1 an  ou moins;Non domicilié;pas d'épargne;employé;moins de 2K encours;de 30 à 50K mouvt;plus de 100  débits;découvert  autorisé;chéquier   interdit;460;120
1186;Mauvais client;plus de  50 ans;marié;anc. de 1  à 4 ans;Non domicilié;pas d'épargne;employé;moins de 2K encours;moins 10 K  mouvt;plus de 100  débits;découvert  interdit;chéquier   autorisé;515;285
1192;Bon client;moins de 23 ans;marié;anc. de 4  à 6 ans;Oui domicilié;de 10 à 100K épargne;employé;plus de 5 K encours;plus de 50K mouvt;moins de 40  débits;découvert  interdit;chéquier   autorisé;560;800
1198;Bon client;de 40 à  50 ans;marié;anc. de 6  à 12 ans;Oui domicilié;pas d'épargne;employé;de 2 à 5 K  encours;de 10 à 30K mouvt;moins de 40  débits;découvert  autorisé;chéquier   autorisé;860;665
1204;Bon client;plus de  50 ans;marié;anc. de 6  à 12 ans;Oui domicilié;pas d'épargne;cadre;de 2 à 5 K  encours;plus de 50K mouvt;moins de 40  débits;découvert  interdit;chéquier   autorisé;920;715
1211;Mauvais client;de 40 à  50 ans;marié;anc. de 4  à 6 ans;Non domicilié;pas d'épargne;cadre;moins de 2K encours;plus de 50K mouvt;plus de 100  débits;découvert  autorisé;chéquier   interdit;745;240
1217;Mauvais client;moins de 23 ans;célibataire;anc. de 4  à 6 ans;Non domicilié;pas d'épargne;autre;moins de 2K encours;moins 10 K  mouvt;plus de 100  débits;découvert  autorisé;chéquier   autorisé;445;255
1223;Bon client;de 40 à  50 ans;marié;anc. de 4  à 6 ans;Oui domicilié;pas d'épargne;employé;de 2 à 5 K  encours;de 30 à 50K mouvt;de 40 à 100  débits;découvert  autorisé;chéquier   autorisé;575;565
1229;Bon client;de 23 à 39 ans;marié;anc. de 1  à 4 ans;Oui domicilié;pas d'épargne;autre;de 2 à 5 K  encours;de 10 à 30K mouvt;moins de 40  débits;découvert  interdit;chéquier   autorisé;345;540
1235;Bon client;moins de 23 ans;célibataire;anc. de 4  à 6 ans;Oui domicilié;pas d'épargne;autre;de 2 à 5 K  encours;de 10 à 30K mouvt;moins de 40  débits;découvert  interdit;chéquier   autorisé;475;550
1241;Bon client;plus de  50 ans;marié;anc. plus   12 ans;Non domicilié;pas d'épargne;autre;de 2 à 5 K  encours;moins 10 K  mouvt;de 40 à 100  débits;découvert  autorisé;chéquier   autorisé;650;560
1247;Bon client;plus de  50 ans;marié;anc. plus   12 ans;Oui domicilié;pas d'épargne;cadre;de 2 à 5 K  encours;plus de 50K mouvt;de 40 à 100  débits;découvert  interdit;chéquier   autorisé;715;675
1253;Mauvais client;de 23 à 39 ans;célibataire;anc. de 6  à 12 ans;Non domicilié;de 10 à 100K épargne;autre;plus de 5 K encours;de 30 à 50K mouvt;plus de 100  débits;découvert  autorisé;chéquier   autorisé;405;700
1259;Bon client;de 40 à  50 ans;marié;anc. 1 an  ou moins;Oui domicilié;pas d'épargne;autre;de 2 à 5 K  encours;de 30 à 50K mouvt;de 40 à 100  débits;découvert  autorisé;chéquier   autorisé;685;495
1265;Bon client;de 23 à 39 ans;célibataire;anc. de 1  à 4 ans;Oui domicilié;pas d'épargne;autre;moins de 2K encours;moins 10 K  mouvt;plus de 100  débits;découvert  autorisé;chéquier   interdit;270;175
1271;Mauvais client;de 23 à 39 ans;marié;anc. de 4  à 6 ans;Oui domicilié;pas d'épargne;employé;de 2 à 5 K  encours;plus de 50K mouvt;de 40 à 100  débits;découvert  autorisé;chéquier   interdit;600;460
1277;Bon client;de 40 à  50 ans;célibataire;anc. de 4  à 6 ans;Oui domicilié;pas d'épargne;employé;moins de 2K encours;de 30 à 50K mouvt;plus de 100  débits;découvert  autorisé;chéquier   autorisé;515;405
1283;Bon client;de 23 à 39 ans;célibataire;anc. de 1  à 4 ans;Oui domicilié;pas d'épargne;employé;de 2 à 5 K  encours;de 30 à 50K mouvt;plus de 100  débits;découvert  interdit;chéquier   autorisé;450;475
1289;Bon client;plus de  50 ans;célibataire;anc. plus   12 ans;Oui domicilié;pas d'épargne;employé;de 2 à 5 K  encours;de 10 à 30K mouvt;de 40 à 100  débits;découvert  autorisé;chéquier   interdit;815;505
1295;Mauvais client;de 40 à  50 ans;divorcé;anc. 1 an  ou moins;Non domicilié;pas d'épargne;employé;de 2 à 5 K  encours;moins 10 K  mouvt;plus de 100  débits;découvert  interdit;chéquier   autorisé;450;355
1301;Bon client;de 23 à 39 ans;célibataire;anc. de 6  à 12 ans;Oui domicilié;de 10 à 100K épargne;autre;plus de 5 K encours;de 30 à 50K mouvt;de 40 à 100  débits;découvert  interdit;chéquier   autorisé;420;800
1308;Bon client;plus de  50 ans;célibataire;anc. de 4  à 6 ans;Oui domicilié;pas d'épargne;cadre;de 2 à 5 K  encours;moins 10 K  mouvt;de 40 à 100  débits;découvert  interdit;chéquier   autorisé;745;490
1314;Bon client;plus de  50 ans;divorcé;anc. 1 an  ou moins;Oui domicilié;moins de 10K épargne;employé;plus de 5 K encours;plus de 50K mouvt;de 40 à 100  débits;découvert  interdit;chéquier   autorisé;345;670
1322;Bon client;de 23 à 39 ans;célibataire;anc. de 6  à 12 ans;Oui domicilié;pas d'épargne;employé;de 2 à 5 K  encours;de 30 à 50K mouvt;moins de 40  débits;découvert  autorisé;chéquier   autorisé;545;670
1328;Bon client;plus de  50 ans;divorcé;anc. de 6  à 12 ans;Oui domicilié;pas d'épargne;employé;de 2 à 5 K  encours;de 30 à 50K mouvt;moins de 40  débits;découvert  interdit;chéquier   autorisé;740;700
1334;Bon client;plus de  50 ans;marié;anc. plus   12 ans;Oui domicilié;pas d'épargne;cadre;de 2 à 5 K  encours;de 10 à 30K mouvt;moins de 40  débits;découvert  interdit;chéquier   autorisé;735;670
1340;Bon client;moins de 23 ans;célibataire;anc. de 6  à 12 ans;Oui domicilié;pas d'épargne;autre;de 2 à 5 K  encours;de 30 à 50K mouvt;moins de 40  débits;découvert  interdit;chéquier   autorisé;625;660
1346;Bon client;plus de  50 ans;divorcé;anc. 1 an  ou moins;Oui domicilié;pas d'épargne;cadre;de 2 à 5 K  encours;plus de 50K mouvt;moins de 40  débits;découvert  interdit;chéquier   autorisé;630;550
1353;Bon client;plus de  50 ans;marié;anc. plus   12 ans;Oui domicilié;pas d'épargne;autre;de 2 à 5 K  encours;de 30 à 50K mouvt;moins de 40  débits;découvert  interdit;chéquier   autorisé;745;740
1359;Bon client;de 23 à 39 ans;marié;anc. 1 an  ou moins;Oui domicilié;moins de 10K épargne;employé;plus de 5 K encours;plus de 50K mouvt;de 40 à 100  débits;découvert  interdit;chéquier   autorisé;815;665
1365;Bon client;de 23 à 39 ans;marié;anc. de 4  à 6 ans;Oui domicilié;pas d'épargne;employé;de 2 à 5 K  encours;de 30 à 50K mouvt;moins de 40  débits;découvert  interdit;chéquier   autorisé;485;620
1372;Bon client;de 40 à  50 ans;marié;anc. plus   12 ans;Oui domicilié;pas d'épargne;employé;de 2 à 5 K  encours;de 30 à 50K mouvt;de 40 à 100  débits;découvert  interdit;chéquier   autorisé;655;675
1379;Bon client;plus de  50 ans;veuf;anc. plus   12 ans;Oui domicilié;pas d'épargne;cadre;de 2 à 5 K  encours;de 30 à 50K mouvt;de 40 à 100  débits;découvert  interdit;chéquier   autorisé;770;665
1385;Bon client;de 40 à  50 ans;marié;anc. de 4  à 6 ans;Oui domicilié;pas d'épargne;employé;de 2 à 5 K  encours;de 30 à 50K mouvt;moins de 40  débits;découvert  interdit;chéquier   autorisé;860;640
1391;Bon client;de 40 à  50 ans;marié;anc. de 4  à 6 ans;Oui domicilié;pas d'épargne;employé;de 2 à 5 K  encours;moins 10 K  mouvt;moins de 40  débits;découvert  interdit;chéquier   autorisé;515;590
1397;Bon client;plus de  50 ans;marié;anc. 1 an  ou moins;Non domicilié;pas d'épargne;employé;de 2 à 5 K  encours;moins 10 K  mouvt;moins de 40  débits;découvert  interdit;chéquier   autorisé;495;470
1403;Bon client;de 23 à 39 ans;célibataire;anc. de 6  à 12 ans;Oui domicilié;pas d'épargne;employé;de 2 à 5 K  encours;plus de 50K mouvt;de 40 à 100  débits;découvert  interdit;chéquier   autorisé;575;655
1409;Mauvais client;de 40 à  50 ans;divorcé;anc. 1 an  ou moins;Oui domicilié;pas d'épargne;autre;de 2 à 5 K  encours;moins 10 K  mouvt;de 40 à 100  débits;découvert  interdit;chéquier   autorisé;575;440
1415;Bon client;de 40 à  50 ans;marié;anc. 1 an  ou moins;Oui domicilié;de 10 à 100K épargne;employé;plus de 5 K encours;de 10 à 30K mouvt;de 40 à 100  débits;découvert  interdit;chéquier   autorisé;650;650
1421;Mauvais client;moins de 23 ans;célibataire;anc. de 4  à 6 ans;Non domicilié;pas d'épargne;employé;moins de 2K encours;de 10 à 30K mouvt;plus de 100  débits;découvert  autorisé;chéquier   interdit;295;155
1427;Mauvais client;plus de  50 ans;marié;anc. de 1  à 4 ans;Oui domicilié;pas d'épargne;autre;de 2 à 5 K  encours;de 30 à 50K mouvt;moins de 40  débits;découvert  interdit;chéquier   autorisé;500;600
1434;Bon client;de 23 à 39 ans;marié;anc. de 1  à 4 ans;Oui domicilié;moins de 10K épargne;autre;plus de 5 K encours;moins 10 K  mouvt;de 40 à 100  débits;découvert  interdit;chéquier   autorisé;355;610
1440;Bon client;moins de 23 ans;veuf;anc. de 4  à 6 ans;Oui domicilié;pas d'épargne;autre;de 2 à 5 K  encours;de 30 à 50K mouvt;moins de 40  débits;découvert  interdit;chéquier   autorisé;455;615
1446;Bon client;plus de  50 ans;marié;anc. plus   12 ans;Oui domicilié;pas d'épargne;cadre;de 2 à 5 K  encours;de 10 à 30K mouvt;moins de 40  débits;découvert  interdit;chéquier   autorisé;635;670
1452;Bon client;de 40 à  50 ans;marié;anc. plus   12 ans;Oui domicilié;pas d'épargne;autre;de 2 à 5 K  encours;de 30 à 50K mouvt;moins de 40  débits;découvert  interdit;chéquier   autorisé;570;735
1458;Bon client;plus de  50 ans;célibataire;anc. de 6  à 12 ans;Oui domicilié;pas d'épargne;cadre;de 2 à 5 K  encours;de 30 à 50K mouvt;de 40 à 100  débits;découvert  interdit;chéquier   autorisé;920;615
1464;Bon client;de 23 à 39 ans;divorcé;anc. de 1  à 4 ans;Oui domicilié;pas d'épargne;autre;moins de 2K encours;de 10 à 30K mouvt;plus de 100  débits;découvert  autorisé;chéquier   autorisé;310;295
1470;Bon client;de 40 à  50 ans;marié;anc. plus   12 ans;Non domicilié;de 10 à 100K épargne;cadre;plus de 5 K encours;plus de 50K mouvt;de 40 à 100  débits;découvert  interdit;chéquier   autorisé;745;790
1476;Bon client;plus de  50 ans;marié;anc. de 4  à 6 ans;Non domicilié;pas d'épargne;cadre;moins de 2K encours;moins 10 K  mouvt;de 40 à 100  débits;découvert  interdit;chéquier   autorisé;655;325
1482;Bon client;plus de  50 ans;marié;anc. 1 an  ou moins;Non domicilié;moins de 10K épargne;autre;plus de 5 K encours;moins 10 K  mouvt;de 40 à 100  débits;découvert  interdit;chéquier   autorisé;515;555
1488;Bon client;plus de  50 ans;marié;anc. plus   12 ans;Oui domicilié;pas d'épargne;employé;de 2 à 5 K  encours;plus de 50K mouvt;plus de 100  débits;découvert  autorisé;chéquier   autorisé;695;665
1494;Mauvais client;de 40 à  50 ans;divorcé;anc. de 4  à 6 ans;Non domicilié;pas d'épargne;employé;de 2 à 5 K  encours;moins 10 K  mouvt;moins de 40  débits;découvert  autorisé;chéquier   interdit;505;385
1500;Bon client;de 40 à  50 ans;marié;anc. plus   12 ans;Oui domicilié;pas d'épargne;autre;de 2 à 5 K  encours;moins 10 K  mouvt;de 40 à 100  débits;découvert  interdit;chéquier   autorisé;410;625
1506;Mauvais client;moins de 23 ans;célibataire;anc. 1 an  ou moins;Non domicilié;pas d'épargne;employé;de 2 à 5 K  encours;de 10 à 30K mouvt;de 40 à 100  débits;découvert  autorisé;chéquier   autorisé;295;350
1512;Bon client;de 23 à 39 ans;célibataire;anc. 1 an  ou moins;Oui domicilié;pas d'épargne;employé;de 2 à 5 K  encours;de 30 à 50K mouvt;plus de 100  débits;découvert  autorisé;chéquier   autorisé;315;435
1518;Mauvais client;de 40 à  50 ans;divorcé;anc. 1 an  ou moins;Non domicilié;pas d'épargne;autre;moins de 2K encours;plus de 50K mouvt;plus de 100  débits;découvert  interdit;chéquier   autorisé;395;315
1525;Mauvais client;de 23 à 39 ans;marié;anc. 1 an  ou moins;Non domicilié;pas d'épargne;cadre;de 2 à 5 K  encours;de 10 à 30K mouvt;moins de 40  débits;découvert  autorisé;chéquier   autorisé;515;410
1531;Bon client;moins de 23 ans;célibataire;anc. de 4  à 6 ans;Oui domicilié;pas d'épargne;autre;de 2 à 5 K  encours;de 30 à 50K mouvt;moins de 40  débits;découvert  interdit;chéquier   autorisé;350;585
1537;Bon client;de 23 à 39 ans;marié;anc. de 4  à 6 ans;Oui domicilié;pas d'épargne;employé;de 2 à 5 K  encours;de 30 à 50K mouvt;moins de 40  débits;découvert  interdit;chéquier   autorisé;780;620
1543;Mauvais client;de 23 à 39 ans;célibataire;anc. 1 an  ou moins;Non domicilié;pas d'épargne;employé;de 2 à 5 K  encours;de 10 à 30K mouvt;moins de 40  débits;découvert  autorisé;chéquier   autorisé;450;435
1549;Mauvais client;plus de  50 ans;célibataire;anc. 1 an  ou moins;Non domicilié;moins de 10K épargne;employé;de 2 à 5 K  encours;de 30 à 50K mouvt;plus de 100  débits;découvert  autorisé;chéquier   autorisé;520;480
1555;Mauvais client;de 40 à  50 ans;célibataire;anc. 1 an  ou moins;Non domicilié;pas d'épargne;autre;de 2 à 5 K  encours;moins 10 K  mouvt;de 40 à 100  débits;découvert  autorisé;chéquier   autorisé;495;380
1561;Bon client;de 40 à  50 ans;marié;anc. 1 an  ou moins;Oui domicilié;pas d'épargne;autre;de 2 à 5 K  encours;moins 10 K  mouvt;moins de 40  débits;découvert  interdit;chéquier   autorisé;235;520
1568;Mauvais client;moins de 23 ans;marié;anc. de 6  à 12 ans;Oui domicilié;pas d'épargne;employé;de 2 à 5 K  encours;de 30 à 50K mouvt;moins de 40  débits;découvert  autorisé;chéquier   autorisé;360;655
1575;Bon client;de 40 à  50 ans;marié;anc. 1 an  ou moins;Oui domicilié;pas d'épargne;autre;de 2 à 5 K  encours;plus de 50K mouvt;moins de 40  débits;découvert  interdit;chéquier   autorisé;440;600
1581;Bon client;de 23 à 39 ans;divorcé;anc. plus   12 ans;Oui domicilié;pas d'épargne;employé;de 2 à 5 K  encours;de 30 à 50K mouvt;moins de 40  débits;découvert  interdit;chéquier   autorisé;300;695
1587;Bon client;de 40 à  50 ans;célibataire;anc. 1 an  ou moins;Non domicilié;plus de 100K épargne;cadre;plus de 5 K encours;plus de 50K mouvt;moins de 40  débits;découvert  interdit;chéquier   autorisé;790;715
1593;Mauvais client;de 40 à  50 ans;divorcé;anc. de 1  à 4 ans;Oui domicilié;pas d'épargne;employé;de 2 à 5 K  encours;moins 10 K  mouvt;de 40 à 100  débits;découvert  autorisé;chéquier   interdit;260;335
1599;Bon client;moins de 23 ans;célibataire;anc. de 1  à 4 ans;Non domicilié;pas d'épargne;employé;de 2 à 5 K  encours;moins 10 K  mouvt;de 40 à 100  débits;découvert  autorisé;chéquier   autorisé;455;360
1605;Mauvais client;de 40 à  50 ans;marié;anc. de 1  à 4 ans;Non domicilié;pas d'épargne;employé;de 2 à 5 K  encours;moins 10 K  mouvt;moins de 40  débits;découvert  autorisé;chéquier   autorisé;690;475
1611;Mauvais client;moins de 23 ans;célibataire;anc. 1 an  ou moins;Oui domicilié;pas d'épargne;autre;de 2 à 5 K  encours;moins 10 K  mouvt;moins de 40  débits;découvert  autorisé;chéquier   autorisé;210;450
1617;Bon client;plus de  50 ans;marié;anc. de 6  à 12 ans;Oui domicilié;pas d'épargne;employé;de 2 à 5 K  encours;de 30 à 50K mouvt;moins de 40  débits;découvert  interdit;chéquier   autorisé;805;720
1623;Bon client;de 23 à 39 ans;marié;anc. de 4  à 6 ans;Oui domicilié;pas d'épargne;employé;moins de 2K encours;de 30 à 50K mouvt;plus de 100  débits;découvert  autorisé;chéquier   autorisé;565;395
1629;Bon client;de 23 à 39 ans;marié;anc. 1 an  ou moins;Oui domicilié;pas d'épargne;employé;de 2 à 5 K  encours;de 30 à 50K mouvt;plus de 100  débits;découvert  interdit;chéquier   autorisé;745;460
1635;Mauvais client;moins de 23 ans;célibataire;anc. 1 an  ou moins;Oui domicilié;pas d'épargne;autre;de 2 à 5 K  encours;moins 10 K  mouvt;moins de 40  débits;découvert  autorisé;chéquier   interdit;320;335
1643;Bon client;moins de 23 ans;célibataire;anc. de 4  à 6 ans;Oui domicilié;de 10 à 100K épargne;employé;plus de 5 K encours;de 30 à 50K mouvt;moins de 40  débits;découvert  interdit;chéquier   autorisé;585;760
1649;Bon client;moins de 23 ans;divorcé;anc. 1 an  ou moins;Non domicilié;pas d'épargne;autre;de 2 à 5 K  encours;moins 10 K  mouvt;moins de 40  débits;découvert  autorisé;chéquier   autorisé;180;385
1655;Bon client;de 40 à  50 ans;marié;anc. 1 an  ou moins;Oui domicilié;pas d'épargne;employé;de 2 à 5 K  encours;moins 10 K  mouvt;moins de 40  débits;découvert  interdit;chéquier   autorisé;435;520
1661;Bon client;de 40 à  50 ans;marié;anc. plus   12 ans;Oui domicilié;pas d'épargne;employé;de 2 à 5 K  encours;plus de 50K mouvt;de 40 à 100  débits;découvert  interdit;chéquier   autorisé;690;705
1667;Bon client;de 40 à  50 ans;marié;anc. 1 an  ou moins;Oui domicilié;pas d'épargne;employé;de 2 à 5 K  encours;de 30 à 50K mouvt;moins de 40  débits;découvert  interdit;chéquier   autorisé;445;570
1673;Bon client;de 23 à 39 ans;marié;anc. 1 an  ou moins;Oui domicilié;pas d'épargne;cadre;de 2 à 5 K  encours;plus de 50K mouvt;moins de 40  débits;découvert  interdit;chéquier   autorisé;535;545
1679;Bon client;plus de  50 ans;marié;anc. plus   12 ans;Oui domicilié;pas d'épargne;autre;de 2 à 5 K  encours;de 10 à 30K mouvt;moins de 40  débits;découvert  interdit;chéquier   autorisé;770;705
1685;Bon client;de 40 à  50 ans;célibataire;anc. 1 an  ou moins;Non domicilié;pas d'épargne;autre;de 2 à 5 K  encours;moins 10 K  mouvt;moins de 40  débits;découvert  interdit;chéquier   autorisé;335;455
1691;Bon client;moins de 23 ans;célibataire;anc. de 4  à 6 ans;Oui domicilié;pas d'épargne;autre;de 2 à 5 K  encours;moins 10 K  mouvt;plus de 100  débits;découvert  interdit;chéquier   autorisé;275;445
1697;Bon client;plus de  50 ans;divorcé;anc. plus   12 ans;Oui domicilié;pas d'épargne;cadre;de 2 à 5 K  encours;de 30 à 50K mouvt;moins de 40  débits;découvert  autorisé;chéquier   autorisé;575;670
1703;Bon client;plus de  50 ans;marié;anc. plus   12 ans;Oui domicilié;pas d'épargne;employé;de 2 à 5 K  encours;plus de 50K mouvt;moins de 40  débits;découvert  interdit;chéquier   autorisé;670;770
1709;Bon client;de 40 à  50 ans;marié;anc. plus   12 ans;Oui domicilié;pas d'épargne;employé;de 2 à 5 K  encours;plus de 50K mouvt;de 40 à 100  débits;découvert  interdit;chéquier   autorisé;815;705
1715;Bon client;plus de  50 ans;marié;anc. plus   12 ans;Oui domicilié;pas d'épargne;cadre;de 2 à 5 K  encours;moins 10 K  mouvt;moins de 40  débits;découvert  interdit;chéquier   autorisé;805;655
1721;Bon client;moins de 23 ans;célibataire;anc. de 1  à 4 ans;Oui domicilié;pas d'épargne;employé;de 2 à 5 K  encours;de 10 à 30K mouvt;moins de 40  débits;découvert  interdit;chéquier   autorisé;570;505
1727;Bon client;plus de  50 ans;marié;anc. de 1  à 4 ans;Oui domicilié;de 10 à 100K épargne;cadre;plus de 5 K encours;de 30 à 50K mouvt;moins de 40  débits;découvert  interdit;chéquier   autorisé;795;740
1733;Bon client;moins de 23 ans;célibataire;anc. 1 an  ou moins;Oui domicilié;pas d'épargne;employé;de 2 à 5 K  encours;moins 10 K  mouvt;de 40 à 100  débits;découvert  autorisé;chéquier   interdit;465;275
1739;Mauvais client;de 23 à 39 ans;divorcé;anc. 1 an  ou moins;Non domicilié;pas d'épargne;cadre;moins de 2K encours;moins 10 K  mouvt;plus de 100  débits;découvert  autorisé;chéquier   interdit;455;50
1745;Mauvais client;de 40 à  50 ans;divorcé;anc. de 4  à 6 ans;Non domicilié;pas d'épargne;cadre;de 2 à 5 K  encours;moins 10 K  mouvt;plus de 100  débits;découvert  autorisé;chéquier   autorisé;670;375
1751;Mauvais client;de 40 à  50 ans;marié;anc. 1 an  ou moins;Oui domicilié;moins de 10K épargne;autre;de 2 à 5 K  encours;de 30 à 50K mouvt;plus de 100  débits;découvert  interdit;chéquier   autorisé;620;555
1757;Bon client;de 40 à  50 ans;marié;anc. 1 an  ou moins;Oui domicilié;pas d'épargne;autre;de 2 à 5 K  encours;de 10 à 30K mouvt;moins de 40  débits;découvert  interdit;chéquier   autorisé;555;535
1763;Bon client;plus de  50 ans;marié;anc. plus   12 ans;Oui domicilié;pas d'épargne;employé;de 2 à 5 K  encours;de 30 à 50K mouvt;de 40 à 100  débits;découvert  interdit;chéquier   autorisé;860;680
1769;Mauvais client;de 40 à  50 ans;marié;anc. 1 an  ou moins;Oui domicilié;pas d'épargne;employé;de 2 à 5 K  encours;plus de 50K mouvt;de 40 à 100  débits;découvert  interdit;chéquier   interdit;595;425
1775;Mauvais client;moins de 23 ans;célibataire;anc. 1 an  ou moins;Oui domicilié;pas d'épargne;employé;moins de 2K encours;de 10 à 30K mouvt;de 40 à 100  débits;découvert  interdit;chéquier   autorisé;295;300
1782;Bon client;plus de  50 ans;divorcé;anc. 1 an  ou moins;Oui domicilié;de 10 à 100K épargne;cadre;plus de 5 K encours;plus de 50K mouvt;moins de 40  débits;découvert  interdit;chéquier   autorisé;815;725
1788;Bon client;plus de  50 ans;marié;anc. plus   12 ans;Oui domicilié;pas d'épargne;cadre;de 2 à 5 K  encours;plus de 50K mouvt;moins de 40  débits;découvert  interdit;chéquier   autorisé;945;735
1794;Bon client;de 40 à  50 ans;célibataire;anc. 1 an  ou moins;Oui domicilié;pas d'épargne;employé;de 2 à 5 K  encours;moins 10 K  mouvt;moins de 40  débits;découvert  interdit;chéquier   autorisé;625;510
1800;Bon client;de 40 à  50 ans;marié;anc. de 4  à 6 ans;Oui domicilié;pas d'épargne;autre;de 2 à 5 K  encours;plus de 50K mouvt;de 40 à 100  débits;découvert  interdit;chéquier   autorisé;660;610
1806;Bon client;moins de 23 ans;célibataire;anc. de 4  à 6 ans;Oui domicilié;pas d'épargne;employé;de 2 à 5 K  encours;moins 10 K  mouvt;moins de 40  débits;découvert  interdit;chéquier   autorisé;385;535
1813;Bon client;moins de 23 ans;célibataire;anc. 1 an  ou moins;Oui domicilié;pas d'épargne;employé;de 2 à 5 K  encours;moins 10 K  mouvt;moins de 40  débits;découvert  interdit;chéquier   autorisé;395;465
1820;Bon client;de 40 à  50 ans;marié;anc. de 6  à 12 ans;Oui domicilié;pas d'épargne;employé;de 2 à 5 K  encours;de 30 à 50K mouvt;de 40 à 100  débits;découvert  autorisé;chéquier   autorisé;655;640
1826;Bon client;moins de 23 ans;célibataire;anc. de 4  à 6 ans;Oui domicilié;pas d'épargne;employé;de 2 à 5 K  encours;de 30 à 50K mouvt;de 40 à 100  débits;découvert  interdit;chéquier   autorisé;475;525
1832;Bon client;plus de  50 ans;marié;anc. 1 an  ou moins;Oui domicilié;de 10 à 100K épargne;cadre;plus de 5 K encours;plus de 50K mouvt;de 40 à 100  débits;découvert  interdit;chéquier   autorisé;920;685
1838;Bon client;de 40 à  50 ans;marié;anc. de 4  à 6 ans;Oui domicilié;pas d'épargne;employé;de 2 à 5 K  encours;de 30 à 50K mouvt;de 40 à 100  débits;découvert  interdit;chéquier   autorisé;450;580
1844;Bon client;de 23 à 39 ans;marié;anc. de 4  à 6 ans;Oui domicilié;moins de 10K épargne;employé;plus de 5 K encours;de 30 à 50K mouvt;moins de 40  débits;découvert  interdit;chéquier   autorisé;650;765
1850;Mauvais client;plus de  50 ans;divorcé;anc. 1 an  ou moins;Oui domicilié;pas d'épargne;employé;de 2 à 5 K  encours;plus de 50K mouvt;moins de 40  débits;découvert  interdit;chéquier   autorisé;490;585
1856;Mauvais client;de 23 à 39 ans;marié;anc. de 1  à 4 ans;Non domicilié;pas d'épargne;employé;moins de 2K encours;de 30 à 50K mouvt;plus de 100  débits;découvert  autorisé;chéquier   interdit;415;180
1862;Mauvais client;moins de 23 ans;célibataire;anc. 1 an  ou moins;Non domicilié;pas d'épargne;employé;moins de 2K encours;moins 10 K  mouvt;plus de 100  débits;découvert  interdit;chéquier   autorisé;400;200
1868;Mauvais client;de 23 à 39 ans;marié;anc. de 1  à 4 ans;Non domicilié;pas d'épargne;employé;moins de 2K encours;plus de 50K mouvt;plus de 100  débits;découvert  autorisé;chéquier   interdit;470;210
1874;Mauvais client;moins de 23 ans;célibataire;anc. 1 an  ou moins;Non domicilié;pas d'épargne;employé;moins de 2K encours;moins 10 K  mouvt;plus de 100  débits;découvert  autorisé;chéquier   interdit;295;70
1880;Mauvais client;plus de  50 ans;marié;anc. plus   12 ans;Oui domicilié;pas d'épargne;cadre;moins de 2K encours;de 30 à 50K mouvt;plus de 100  débits;découvert  autorisé;chéquier   autorisé;825;480
1886;Mauvais client;plus de  50 ans;veuf;anc. 1 an  ou moins;Non domicilié;pas d'épargne;autre;moins de 2K encours;de 30 à 50K mouvt;de 40 à 100  débits;découvert  interdit;chéquier   autorisé;500;360
1892;Mauvais client;de 40 à  50 ans;marié;anc. plus   12 ans;Non domicilié;pas d'épargne;employé;moins de 2K encours;moins 10 K  mouvt;plus de 100  débits;découvert  interdit;chéquier   autorisé;435;420
1898;Mauvais client;plus de  50 ans;marié;anc. 1 an  ou moins;Non domicilié;pas d'épargne;autre;moins de 2K encours;de 10 à 30K mouvt;plus de 100  débits;découvert  autorisé;chéquier   autorisé;640;260
1904;Mauvais client;moins de 23 ans;célibataire;anc. 1 an  ou moins;Oui domicilié;pas d'épargne;autre;moins de 2K encours;moins 10 K  mouvt;plus de 100  débits;découvert  interdit;chéquier   autorisé;300;255
1910;Mauvais client;de 23 à 39 ans;marié;anc. 1 an  ou moins;Oui domicilié;pas d'épargne;autre;de 2 à 5 K  encours;de 30 à 50K mouvt;plus de 100  débits;découvert  interdit;chéquier   autorisé;350;460
1916;Mauvais client;moins de 23 ans;célibataire;anc. 1 an  ou moins;Oui domicilié;pas d'épargne;autre;de 2 à 5 K  encours;de 30 à 50K mouvt;de 40 à 100  débits;découvert  interdit;chéquier   interdit;300;340
1922;Mauvais client;de 40 à  50 ans;marié;anc. 1 an  ou moins;Oui domicilié;pas d'épargne;autre;de 2 à 5 K  encours;de 10 à 30K mouvt;plus de 100  débits;découvert  interdit;chéquier   autorisé;570;445
0005;Mauvais client;de 23 à 39 ans;célibataire;anc. de 1  à 4 ans;Non domicilié;pas d'épargne;employé;de 2 à 5 K  encours;moins 10 K  mouvt;plus de 100  débits;découvert  autorisé;chéquier   autorisé;305;355
0011;Mauvais client;moins de 23 ans;célibataire;anc. 1 an  ou moins;Non domicilié;pas d'épargne;autre;moins de 2K encours;plus de 50K mouvt;plus de 100  débits;découvert  autorisé;chéquier   autorisé;320;265
0018;Mauvais client;plus de  50 ans;veuf;anc. 1 an  ou moins;Non domicilié;pas d'épargne;cadre;moins de 2K encours;plus de 50K mouvt;plus de 100  débits;découvert  interdit;chéquier   autorisé;785;325
0024;Mauvais client;de 40 à  50 ans;marié;anc. 1 an  ou moins;Non domicilié;pas d'épargne;autre;moins de 2K encours;plus de 50K mouvt;plus de 100  débits;découvert  interdit;chéquier   autorisé;635;335
0030;Mauvais client;de 40 à  50 ans;marié;anc. 1 an  ou moins;Non domicilié;pas d'épargne;autre;de 2 à 5 K  encours;moins 10 K  mouvt;moins de 40  débits;découvert  interdit;chéquier   autorisé;300;465
0036;Mauvais client;plus de  50 ans;célibataire;anc. de 1  à 4 ans;Non domicilié;pas d'épargne;employé;de 2 à 5 K  encours;de 30 à 50K mouvt;de 40 à 100  débits;découvert  autorisé;chéquier   interdit;660;345
0042;Mauvais client;de 23 à 39 ans;marié;anc. 1 an  ou moins;Oui domicilié;pas d'épargne;employé;de 2 à 5 K  encours;de 10 à 30K mouvt;de 40 à 100  débits;découvert  interdit;chéquier   interdit;415;340
0048;Mauvais client;moins de 23 ans;marié;anc. de 4  à 6 ans;Non domicilié;pas d'épargne;employé;de 2 à 5 K  encours;moins 10 K  mouvt;moins de 40  débits;découvert  interdit;chéquier   autorisé;545;490
0054;Mauvais client;plus de  50 ans;divorcé;anc. 1 an  ou moins;Non domicilié;pas d'épargne;cadre;de 2 à 5 K  encours;de 30 à 50K mouvt;de 40 à 100  débits;découvert  interdit;chéquier   autorisé;610;405
0060;Mauvais client;de 40 à  50 ans;célibataire;anc. 1 an  ou moins;Oui domicilié;pas d'épargne;employé;de 2 à 5 K  encours;moins 10 K  mouvt;plus de 100  débits;découvert  interdit;chéquier   autorisé;420;420
0066;Mauvais client;plus de  50 ans;marié;anc. de 6  à 12 ans;Non domicilié;pas d'épargne;autre;de 2 à 5 K  encours;moins 10 K  mouvt;plus de 100  débits;découvert  autorisé;chéquier   interdit;875;395
0072;Mauvais client;de 40 à  50 ans;marié;anc. de 1  à 4 ans;Non domicilié;de 10 à 100K épargne;employé;plus de 5 K encours;plus de 50K mouvt;plus de 100  débits;découvert  autorisé;chéquier   autorisé;720;640
0078;Mauvais client;de 23 à 39 ans;marié;anc. 1 an  ou moins;Oui domicilié;moins de 10K épargne;employé;moins de 2K encours;plus de 50K mouvt;plus de 100  débits;découvert  interdit;chéquier   autorisé;780;445
0084;Mauvais client;de 23 à 39 ans;marié;anc. de 1  à 4 ans;Oui domicilié;pas d'épargne;employé;de 2 à 5 K  encours;de 10 à 30K mouvt;moins de 40  débits;découvert  interdit;chéquier   autorisé;420;540
0090;Mauvais client;de 23 à 39 ans;célibataire;anc. 1 an  ou moins;Non domicilié;pas d'épargne;employé;de 2 à 5 K  encours;de 10 à 30K mouvt;de 40 à 100  débits;découvert  interdit;chéquier   autorisé;435;390
0096;Mauvais client;de 40 à  50 ans;divorcé;anc. 1 an  ou moins;Oui domicilié;pas d'épargne;autre;de 2 à 5 K  encours;moins 10 K  mouvt;de 40 à 100  débits;découvert  interdit;chéquier   autorisé;395;440
0102;Mauvais client;de 40 à  50 ans;marié;anc. plus   12 ans;Oui domicilié;pas d'épargne;employé;de 2 à 5 K  encours;moins 10 K  mouvt;de 40 à 100  débits;découvert  interdit;chéquier   autorisé;645;625
0109;Mauvais client;moins de 23 ans;marié;anc. 1 an  ou moins;Non domicilié;pas d'épargne;employé;de 2 à 5 K  encours;plus de 50K mouvt;de 40 à 100  débits;découvert  interdit;chéquier   autorisé;630;440
0115;Mauvais client;de 40 à  50 ans;célibataire;anc. 1 an  ou moins;Non domicilié;pas d'épargne;autre;de 2 à 5 K  encours;moins 10 K  mouvt;moins de 40  débits;découvert  autorisé;chéquier   autorisé;375;440
0121;Mauvais client;plus de  50 ans;divorcé;anc. 1 an  ou moins;Non domicilié;pas d'épargne;cadre;moins de 2K encours;moins 10 K  mouvt;plus de 100  débits;découvert  autorisé;chéquier   autorisé;455;190
0128;Mauvais client;de 40 à  50 ans;célibataire;anc. 1 an  ou moins;Non domicilié;pas d'épargne;autre;de 2 à 5 K  encours;moins 10 K  mouvt;moins de 40  débits;découvert  interdit;chéquier   autorisé;305;455
0134;Mauvais client;de 40 à  50 ans;marié;anc. 1 an  ou moins;Oui domicilié;pas d'épargne;autre;de 2 à 5 K  encours;moins 10 K  mouvt;moins de 40  débits;découvert  interdit;chéquier   autorisé;365;520
0140;Mauvais client;moins de 23 ans;célibataire;anc. 1 an  ou moins;Non domicilié;pas d'épargne;autre;de 2 à 5 K  encours;moins 10 K  mouvt;moins de 40  débits;découvert  interdit;chéquier   autorisé;195;410
0146;Mauvais client;moins de 23 ans;célibataire;anc. 1 an  ou moins;Oui domicilié;pas d'épargne;autre;de 2 à 5 K  encours;de 10 à 30K mouvt;de 40 à 100  débits;découvert  autorisé;chéquier   autorisé;370;405
0152;Mauvais client;plus de  50 ans;veuf;anc. de 1  à 4 ans;Non domicilié;pas d'épargne;employé;de 2 à 5 K  encours;moins 10 K  mouvt;de 40 à 100  débits;découvert  interdit;chéquier   autorisé;495;455
0158;Mauvais client;de 23 à 39 ans;célibataire;anc. 1 an  ou moins;Oui domicilié;pas d'épargne;autre;de 2 à 5 K  encours;moins 10 K  mouvt;moins de 40  débits;découvert  interdit;chéquier   interdit;325;375
0164;Mauvais client;moins de 23 ans;célibataire;anc. 1 an  ou moins;Oui domicilié;moins de 10K épargne;employé;de 2 à 5 K  encours;moins 10 K  mouvt;moins de 40  débits;découvert  interdit;chéquier   autorisé;435;540
0170;Mauvais client;moins de 23 ans;célibataire;anc. 1 an  ou moins;Non domicilié;pas d'épargne;autre;de 2 à 5 K  encours;moins 10 K  mouvt;de 40 à 100  débits;découvert  autorisé;chéquier   autorisé;235;335
0176;Mauvais client;plus de  50 ans;divorcé;anc. 1 an  ou moins;Non domicilié;pas d'épargne;employé;de 2 à 5 K  encours;moins 10 K  mouvt;moins de 40  débits;découvert  autorisé;chéquier   autorisé;585;435
0182;Mauvais client;de 40 à  50 ans;marié;anc. 1 an  ou moins;Oui domicilié;pas d'épargne;cadre;moins de 2K encours;de 10 à 30K mouvt;plus de 100  débits;découvert  autorisé;chéquier   autorisé;650;275
0188;Mauvais client;de 23 à 39 ans;marié;anc. 1 an  ou moins;Oui domicilié;pas d'épargne;autre;de 2 à 5 K  encours;moins 10 K  mouvt;moins de 40  débits;découvert  interdit;chéquier   autorisé;265;500
0194;Mauvais client;moins de 23 ans;célibataire;anc. 1 an  ou moins;Non domicilié;pas d'épargne;employé;de 2 à 5 K  encours;moins 10 K  mouvt;moins de 40  débits;découvert  interdit;chéquier   autorisé;505;410
0200;Mauvais client;de 40 à  50 ans;célibataire;anc. 1 an  ou moins;Oui domicilié;moins de 10K épargne;employé;de 2 à 5 K  encours;moins 10 K  mouvt;moins de 40  débits;découvert  interdit;chéquier   interdit;380;470
0207;Mauvais client;de 23 à 39 ans;célibataire;anc. de 6  à 12 ans;Non domicilié;moins de 10K épargne;employé;plus de 5 K encours;de 10 à 30K mouvt;de 40 à 100  débits;découvert  autorisé;chéquier   autorisé;470;665
0212;Mauvais client;de 23 à 39 ans;marié;anc. 1 an  ou moins;Non domicilié;pas d'épargne;autre;de 2 à 5 K  encours;de 10 à 30K mouvt;moins de 40  débits;découvert  autorisé;chéquier   autorisé;395;445
0218;Mauvais client;moins de 23 ans;célibataire;anc. 1 an  ou moins;Non domicilié;pas d'épargne;autre;moins de 2K encours;moins 10 K  mouvt;de 40 à 100  débits;découvert  interdit;chéquier   autorisé;265;230
0224;Mauvais client;de 23 à 39 ans;célibataire;anc. 1 an  ou moins;Oui domicilié;pas d'épargne;autre;de 2 à 5 K  encours;de 10 à 30K mouvt;moins de 40  débits;découvert  interdit;chéquier   autorisé;435;505
0230;Mauvais client;de 23 à 39 ans;célibataire;anc. de 1  à 4 ans;Oui domicilié;pas d'épargne;employé;de 2 à 5 K  encours;de 30 à 50K mouvt;de 40 à 100  débits;découvert  interdit;chéquier   autorisé;405;505
0236;Mauvais client;moins de 23 ans;célibataire;anc. de 1  à 4 ans;Non domicilié;pas d'épargne;autre;de 2 à 5 K  encours;moins 10 K  mouvt;de 40 à 100  débits;découvert  autorisé;chéquier   autorisé;335;360
0243;Mauvais client;de 23 à 39 ans;célibataire;anc. de 4  à 6 ans;Oui domicilié;pas d'épargne;employé;de 2 à 5 K  encours;de 30 à 50K mouvt;de 40 à 100  débits;découvert  autorisé;chéquier   autorisé;310;535
0249;Mauvais client;plus de  50 ans;divorcé;anc. de 4  à 6 ans;Oui domicilié;pas d'épargne;employé;de 2 à 5 K  encours;moins 10 K  mouvt;moins de 40  débits;découvert  interdit;chéquier   autorisé;610;575
0255;Mauvais client;moins de 23 ans;célibataire;anc. 1 an  ou moins;Oui domicilié;pas d'épargne;autre;de 2 à 5 K  encours;moins 10 K  mouvt;moins de 40  débits;découvert  interdit;chéquier   autorisé;195;465
0261;Mauvais client;de 23 à 39 ans;divorcé;anc. de 6  à 12 ans;Non domicilié;pas d'épargne;autre;de 2 à 5 K  encours;de 10 à 30K mouvt;moins de 40  débits;découvert  autorisé;chéquier   autorisé;355;570
0267;Mauvais client;moins de 23 ans;célibataire;anc. 1 an  ou moins;Oui domicilié;pas d'épargne;employé;de 2 à 5 K  encours;moins 10 K  mouvt;moins de 40  débits;découvert  interdit;chéquier   autorisé;350;465
0273;Mauvais client;plus de  50 ans;marié;anc. 1 an  ou moins;Non domicilié;pas d'épargne;cadre;de 2 à 5 K  encours;de 10 à 30K mouvt;de 40 à 100  débits;découvert  interdit;chéquier   interdit;840;275
0279;Mauvais client;de 40 à  50 ans;marié;anc. plus   12 ans;Oui domicilié;pas d'épargne;autre;moins de 2K encours;plus de 50K mouvt;plus de 100  débits;découvert  autorisé;chéquier   autorisé;780;540
0285;Mauvais client;de 23 à 39 ans;divorcé;anc. de 4  à 6 ans;Non domicilié;pas d'épargne;autre;de 2 à 5 K  encours;moins 10 K  mouvt;plus de 100  débits;découvert  interdit;chéquier   interdit;275;290
0291;Mauvais client;moins de 23 ans;célibataire;anc. de 4  à 6 ans;Non domicilié;pas d'épargne;employé;de 2 à 5 K  encours;moins 10 K  mouvt;plus de 100  débits;découvert  autorisé;chéquier   autorisé;255;375
0297;Mauvais client;moins de 23 ans;célibataire;anc. 1 an  ou moins;Non domicilié;pas d'épargne;employé;de 2 à 5 K  encours;de 10 à 30K mouvt;plus de 100  débits;découvert  interdit;chéquier   autorisé;325;335
0303;Mauvais client;de 23 à 39 ans;marié;anc. plus   12 ans;Oui domicilié;pas d'épargne;employé;moins de 2K encours;moins 10 K  mouvt;plus de 100  débits;découvert  interdit;chéquier   interdit;640;340
0309;Mauvais client;moins de 23 ans;célibataire;anc. 1 an  ou moins;Non domicilié;pas d'épargne;autre;de 2 à 5 K  encours;moins 10 K  mouvt;plus de 100  débits;découvert  interdit;chéquier   interdit;295;205
0315;Mauvais client;plus de  50 ans;veuf;anc. 1 an  ou moins;Oui domicilié;pas d'épargne;autre;moins de 2K encours;moins 10 K  mouvt;plus de 100  débits;découvert  autorisé;chéquier   autorisé;375;320
0321;Mauvais client;de 23 à 39 ans;marié;anc. 1 an  ou moins;Oui domicilié;pas d'épargne;employé;de 2 à 5 K  encours;de 10 à 30K mouvt;plus de 100  débits;découvert  interdit;chéquier   interdit;620;310
0327;Mauvais client;de 23 à 39 ans;célibataire;anc. 1 an  ou moins;Non domicilié;pas d'épargne;autre;moins de 2K encours;de 30 à 50K mouvt;moins de 40  débits;découvert  interdit;chéquier   autorisé;225;365
0333;Mauvais client;plus de  50 ans;veuf;anc. 1 an  ou moins;Non domicilié;pas d'épargne;cadre;de 2 à 5 K  encours;plus de 50K mouvt;moins de 40  débits;découvert  interdit;chéquier   autorisé;515;535
0339;Mauvais client;de 23 à 39 ans;marié;anc. 1 an  ou moins;Non domicilié;pas d'épargne;employé;de 2 à 5 K  encours;moins 10 K  mouvt;moins de 40  débits;découvert  interdit;chéquier   interdit;370;330
0345;Mauvais client;de 23 à 39 ans;divorcé;anc. 1 an  ou moins;Non domicilié;pas d'épargne;autre;de 2 à 5 K  encours;de 10 à 30K mouvt;plus de 100  débits;découvert  interdit;chéquier   autorisé;160;350
0351;Mauvais client;moins de 23 ans;divorcé;anc. 1 an  ou moins;Non domicilié;pas d'épargne;employé;de 2 à 5 K  encours;de 10 à 30K mouvt;moins de 40  débits;découvert  interdit;chéquier   interdit;265;300
0357;Mauvais client;de 23 à 39 ans;célibataire;anc. de 4  à 6 ans;Oui domicilié;pas d'épargne;employé;de 2 à 5 K  encours;moins 10 K  mouvt;plus de 100  débits;découvert  autorisé;chéquier   interdit;465;340
0363;Mauvais client;de 40 à  50 ans;divorcé;anc. 1 an  ou moins;Non domicilié;pas d'épargne;employé;de 2 à 5 K  encours;moins 10 K  mouvt;moins de 40  débits;découvert  interdit;chéquier   autorisé;385;445
0369;Mauvais client;moins de 23 ans;célibataire;anc. de 4  à 6 ans;Non domicilié;pas d'épargne;employé;moins de 2K encours;moins 10 K  mouvt;plus de 100  débits;découvert  autorisé;chéquier   interdit;325;140
0376;Mauvais client;de 40 à  50 ans;marié;anc. 1 an  ou moins;Oui domicilié;pas d'épargne;autre;moins de 2K encours;plus de 50K mouvt;de 40 à 100  débits;découvert  autorisé;chéquier   autorisé;580;405
0382;Mauvais client;plus de  50 ans;célibataire;anc. de 6  à 12 ans;Oui domicilié;pas d'épargne;autre;de 2 à 5 K  encours;de 30 à 50K mouvt;de 40 à 100  débits;découvert  autorisé;chéquier   interdit;570;520
0388;Mauvais client;moins de 23 ans;célibataire;anc. de 4  à 6 ans;Non domicilié;pas d'épargne;autre;de 2 à 5 K  encours;moins 10 K  mouvt;plus de 100  débits;découvert  autorisé;chéquier   interdit;330;260
0394;Mauvais client;de 23 à 39 ans;marié;anc. 1 an  ou moins;Non domicilié;pas d'épargne;autre;moins de 2K encours;moins 10 K  mouvt;plus de 100  débits;découvert  autorisé;chéquier   autorisé;565;220
0400;Mauvais client;moins de 23 ans;marié;anc. de 6  à 12 ans;Non domicilié;pas d'épargne;autre;de 2 à 5 K  encours;de 10 à 30K mouvt;plus de 100  débits;découvert  autorisé;chéquier   autorisé;570;475
0406;Mauvais client;de 23 à 39 ans;marié;anc. de 1  à 4 ans;Oui domicilié;pas d'épargne;employé;moins de 2K encours;moins 10 K  mouvt;plus de 100  débits;découvert  autorisé;chéquier   autorisé;290;300
0412;Mauvais client;de 23 à 39 ans;marié;anc. 1 an  ou moins;Oui domicilié;pas d'épargne;employé;moins de 2K encours;moins 10 K  mouvt;plus de 100  débits;découvert  interdit;chéquier   autorisé;500;290
0418;Mauvais client;de 23 à 39 ans;marié;anc. de 1  à 4 ans;Oui domicilié;pas d'épargne;autre;moins de 2K encours;moins 10 K  mouvt;plus de 100  débits;découvert  interdit;chéquier   autorisé;270;315
0424;Mauvais client;de 23 à 39 ans;marié;anc. de 6  à 12 ans;Non domicilié;pas d'épargne;employé;de 2 à 5 K  encours;de 30 à 50K mouvt;de 40 à 100  débits;découvert  interdit;chéquier   autorisé;735;580
0430;Mauvais client;de 40 à  50 ans;divorcé;anc. de 4  à 6 ans;Non domicilié;pas d'épargne;cadre;moins de 2K encours;de 30 à 50K mouvt;plus de 100  débits;découvert  interdit;chéquier   autorisé;640;320
0436;Mauvais client;de 23 à 39 ans;célibataire;anc. 1 an  ou moins;Oui domicilié;moins de 10K épargne;employé;moins de 2K encours;de 10 à 30K mouvt;plus de 100  débits;découvert  interdit;chéquier   autorisé;575;370
0442;Mauvais client;plus de  50 ans;marié;anc. plus   12 ans;Non domicilié;pas d'épargne;autre;moins de 2K encours;de 30 à 50K mouvt;plus de 100  débits;découvert  interdit;chéquier   autorisé;730;475
0448;Mauvais client;de 23 à 39 ans;marié;anc. 1 an  ou moins;Non domicilié;pas d'épargne;autre;de 2 à 5 K  encours;moins 10 K  mouvt;moins de 40  débits;découvert  autorisé;chéquier   autorisé;495;430
0454;Mauvais client;de 40 à  50 ans;marié;anc. 1 an  ou moins;Non domicilié;pas d'épargne;autre;de 2 à 5 K  encours;moins 10 K  mouvt;de 40 à 100  débits;découvert  interdit;chéquier   autorisé;420;405
0460;Mauvais client;de 23 à 39 ans;marié;anc. de 1  à 4 ans;Non domicilié;pas d'épargne;autre;de 2 à 5 K  encours;de 30 à 50K mouvt;de 40 à 100  débits;découvert  interdit;chéquier   autorisé;420;460
0466;Mauvais client;de 23 à 39 ans;marié;anc. de 4  à 6 ans;Non domicilié;pas d'épargne;autre;de 2 à 5 K  encours;de 30 à 50K mouvt;moins de 40  débits;découvert  autorisé;chéquier   autorisé;575;550
0472;Mauvais client;moins de 23 ans;célibataire;anc. 1 an  ou moins;Oui domicilié;pas d'épargne;employé;de 2 à 5 K  encours;moins 10 K  mouvt;moins de 40  débits;découvert  autorisé;chéquier   autorisé;265;450
0478;Mauvais client;de 23 à 39 ans;marié;anc. de 6  à 12 ans;Oui domicilié;de 10 à 100K épargne;employé;plus de 5 K encours;plus de 50K mouvt;de 40 à 100  débits;découvert  autorisé;chéquier   autorisé;530;825
0484;Mauvais client;de 40 à  50 ans;marié;anc. 1 an  ou moins;Oui domicilié;pas d'épargne;autre;moins de 2K encours;moins 10 K  mouvt;plus de 100  débits;découvert  autorisé;chéquier   autorisé;280;295
0490;Mauvais client;moins de 23 ans;célibataire;anc. 1 an  ou moins;Non domicilié;pas d'épargne;autre;de 2 à 5 K  encours;moins 10 K  mouvt;de 40 à 100  débits;découvert  autorisé;chéquier   autorisé;290;335
0496;Mauvais client;plus de  50 ans;marié;anc. plus   12 ans;Oui domicilié;moins de 10K épargne;employé;de 2 à 5 K  encours;plus de 50K mouvt;plus de 100  débits;découvert  autorisé;chéquier   autorisé;855;740
0502;Mauvais client;moins de 23 ans;célibataire;anc. de 1  à 4 ans;Non domicilié;pas d'épargne;autre;moins de 2K encours;moins 10 K  mouvt;de 40 à 100  débits;découvert  autorisé;chéquier   autorisé;275;240
0507;Mauvais client;moins de 23 ans;célibataire;anc. 1 an  ou moins;Non domicilié;pas d'épargne;autre;de 2 à 5 K  encours;moins 10 K  mouvt;de 40 à 100  débits;découvert  interdit;chéquier   autorisé;265;350
0514;Mauvais client;de 23 à 39 ans;marié;anc. de 4  à 6 ans;Non domicilié;moins de 10K épargne;autre;plus de 5 K encours;moins 10 K  mouvt;plus de 100  débits;découvert  interdit;chéquier   autorisé;270;570
0520;Mauvais client;de 40 à  50 ans;marié;anc. de 1  à 4 ans;Non domicilié;pas d'épargne;autre;de 2 à 5 K  encours;de 30 à 50K mouvt;de 40 à 100  débits;découvert  interdit;chéquier   autorisé;335;480
0526;Mauvais client;de 23 à 39 ans;célibataire;anc. 1 an  ou moins;Non domicilié;pas d'épargne;employé;de 2 à 5 K  encours;de 10 à 30K mouvt;plus de 100  débits;découvert  interdit;chéquier   autorisé;340;360
0532;Mauvais client;plus de  50 ans;marié;anc. plus   12 ans;Oui domicilié;moins de 10K épargne;cadre;plus de 5 K encours;de 30 à 50K mouvt;plus de 100  débits;découvert  interdit;chéquier   autorisé;700;760
0538;Mauvais client;de 40 à  50 ans;marié;anc. 1 an  ou moins;Non domicilié;pas d'épargne;employé;moins de 2K encours;de 30 à 50K mouvt;plus de 100  débits;découvert  autorisé;chéquier   autorisé;745;290
0544;Mauvais client;plus de  50 ans;divorcé;anc. de 4  à 6 ans;Oui domicilié;pas d'épargne;employé;de 2 à 5 K  encours;de 30 à 50K mouvt;de 40 à 100  débits;découvert  autorisé;chéquier   autorisé;600;550
0550;Mauvais client;de 23 à 39 ans;divorcé;anc. de 4  à 6 ans;Non domicilié;pas d'épargne;employé;moins de 2K encours;de 30 à 50K mouvt;plus de 100  débits;découvert  autorisé;chéquier   interdit;385;205
0556;Mauvais client;de 23 à 39 ans;divorcé;anc. de 6  à 12 ans;Oui domicilié;pas d'épargne;employé;de 2 à 5 K  encours;de 10 à 30K mouvt;de 40 à 100  débits;découvert  autorisé;chéquier   autorisé;530;565
0562;Mauvais client;plus de  50 ans;veuf;anc. plus   12 ans;Non domicilié;pas d'épargne;autre;de 2 à 5 K  encours;moins 10 K  mouvt;plus de 100  débits;découvert  interdit;chéquier   autorisé;485;565
0568;Mauvais client;moins de 23 ans;célibataire;anc. de 1  à 4 ans;Non domicilié;moins de 10K épargne;autre;moins de 2K encours;moins 10 K  mouvt;plus de 100  débits;découvert  autorisé;chéquier   autorisé;350;285
0574;Mauvais client;de 40 à  50 ans;veuf;anc. 1 an  ou moins;Non domicilié;moins de 10K épargne;employé;de 2 à 5 K  encours;moins 10 K  mouvt;plus de 100  débits;découvert  autorisé;chéquier   autorisé;555;455
0580;Mauvais client;moins de 23 ans;célibataire;anc. de 4  à 6 ans;Non domicilié;pas d'épargne;cadre;moins de 2K encours;moins 10 K  mouvt;de 40 à 100  débits;découvert  autorisé;chéquier   autorisé;375;250
0586;Mauvais client;moins de 23 ans;marié;anc. 1 an  ou moins;Non domicilié;pas d'épargne;autre;de 2 à 5 K  encours;moins 10 K  mouvt;moins de 40  débits;découvert  interdit;chéquier   autorisé;295;420
0592;Mauvais client;de 23 à 39 ans;marié;anc. 1 an  ou moins;Non domicilié;pas d'épargne;autre;de 2 à 5 K  encours;de 30 à 50K mouvt;de 40 à 100  débits;découvert  autorisé;chéquier   interdit;610;305
0599;Mauvais client;de 40 à  50 ans;marié;anc. plus   12 ans;Oui domicilié;pas d'épargne;autre;de 2 à 5 K  encours;plus de 50K mouvt;de 40 à 100  débits;découvert  interdit;chéquier   interdit;755;590
0605;Mauvais client;de 40 à  50 ans;divorcé;anc. de 6  à 12 ans;Non domicilié;pas d'épargne;autre;de 2 à 5 K  encours;moins 10 K  mouvt;plus de 100  débits;découvert  interdit;chéquier   autorisé;520;500
0611;Mauvais client;moins de 23 ans;célibataire;anc. 1 an  ou moins;Oui domicilié;pas d'épargne;autre;de 2 à 5 K  encours;moins 10 K  mouvt;moins de 40  débits;découvert  autorisé;chéquier   autorisé;245;450
0617;Mauvais client;de 23 à 39 ans;célibataire;anc. de 6  à 12 ans;Oui domicilié;pas d'épargne;employé;moins de 2K encours;plus de 50K mouvt;plus de 100  débits;découvert  autorisé;chéquier   autorisé;525;490
0623;Mauvais client;de 23 à 39 ans;célibataire;anc. de 6  à 12 ans;Non domicilié;pas d'épargne;employé;moins de 2K encours;moins 10 K  mouvt;plus de 100  débits;découvert  interdit;chéquier   autorisé;440;370
0630;Mauvais client;de 40 à  50 ans;marié;anc. 1 an  ou moins;Oui domicilié;pas d'épargne;autre;de 2 à 5 K  encours;de 10 à 30K mouvt;de 40 à 100  débits;découvert  interdit;chéquier   autorisé;530;475
0636;Mauvais client;plus de  50 ans;marié;anc. 1 an  ou moins;Oui domicilié;pas d'épargne;autre;de 2 à 5 K  encours;moins 10 K  mouvt;moins de 40  débits;découvert  interdit;chéquier   autorisé;575;525
0642;Mauvais client;plus de  50 ans;célibataire;anc. de 6  à 12 ans;Non domicilié;pas d'épargne;autre;moins de 2K encours;plus de 50K mouvt;plus de 100  débits;découvert  interdit;chéquier   autorisé;580;475
0648;Mauvais client;moins de 23 ans;célibataire;anc. de 6  à 12 ans;Oui domicilié;de 10 à 100K épargne;employé;plus de 5 K encours;plus de 50K mouvt;de 40 à 100  débits;découvert  interdit;chéquier   autorisé;505;805
0654;Mauvais client;moins de 23 ans;célibataire;anc. 1 an  ou moins;Oui domicilié;pas d'épargne;autre;moins de 2K encours;moins 10 K  mouvt;plus de 100  débits;découvert  interdit;chéquier   autorisé;325;255
0660;Mauvais client;de 23 à 39 ans;divorcé;anc. 1 an  ou moins;Non domicilié;pas d'épargne;autre;de 2 à 5 K  encours;moins 10 K  mouvt;de 40 à 100  débits;découvert  autorisé;chéquier   autorisé;425;350
0666;Mauvais client;moins de 23 ans;célibataire;anc. 1 an  ou moins;Oui domicilié;pas d'épargne;autre;de 2 à 5 K  encours;moins 10 K  mouvt;plus de 100  débits;découvert  interdit;chéquier   autorisé;195;375
0673;Mauvais client;de 40 à  50 ans;marié;anc. 1 an  ou moins;Oui domicilié;pas d'épargne;autre;de 2 à 5 K  encours;moins 10 K  mouvt;de 40 à 100  débits;découvert  interdit;chéquier   autorisé;330;460
0679;Mauvais client;de 40 à  50 ans;célibataire;anc. 1 an  ou moins;Oui domicilié;pas d'épargne;employé;moins de 2K encours;moins 10 K  mouvt;de 40 à 100  débits;découvert  interdit;chéquier   autorisé;260;330
0685;Mauvais client;de 23 à 39 ans;célibataire;anc. de 6  à 12 ans;Non domicilié;moins de 10K épargne;cadre;plus de 5 K encours;plus de 50K mouvt;plus de 100  débits;découvert  interdit;chéquier   autorisé;675;680
0691;Mauvais client;moins de 23 ans;célibataire;anc. de 4  à 6 ans;Non domicilié;pas d'épargne;employé;moins de 2K encours;de 10 à 30K mouvt;de 40 à 100  débits;découvert  interdit;chéquier   interdit;355;200
0697;Mauvais client;de 23 à 39 ans;célibataire;anc. 1 an  ou moins;Oui domicilié;pas d'épargne;autre;de 2 à 5 K  encours;moins 10 K  mouvt;de 40 à 100  débits;découvert  interdit;chéquier   autorisé;285;430
0703;Mauvais client;de 23 à 39 ans;marié;anc. 1 an  ou moins;Oui domicilié;pas d'épargne;employé;de 2 à 5 K  encours;de 10 à 30K mouvt;de 40 à 100  débits;découvert  interdit;chéquier   autorisé;510;455
0710;Mauvais client;de 40 à  50 ans;célibataire;anc. 1 an  ou moins;Oui domicilié;pas d'épargne;cadre;moins de 2K encours;moins 10 K  mouvt;de 40 à 100  débits;découvert  interdit;chéquier   autorisé;800;295
0716;Mauvais client;de 23 à 39 ans;marié;anc. 1 an  ou moins;Oui domicilié;pas d'épargne;employé;moins de 2K encours;moins 10 K  mouvt;plus de 100  débits;découvert  interdit;chéquier   autorisé;470;290
0722;Mauvais client;de 40 à  50 ans;divorcé;anc. 1 an  ou moins;Oui domicilié;pas d'épargne;employé;moins de 2K encours;moins 10 K  mouvt;de 40 à 100  débits;découvert  interdit;chéquier   autorisé;200;320
0728;Mauvais client;de 23 à 39 ans;célibataire;anc. de 6  à 12 ans;Non domicilié;pas d'épargne;employé;de 2 à 5 K  encours;plus de 50K mouvt;de 40 à 100  débits;découvert  autorisé;chéquier   interdit;390;470
0734;Mauvais client;de 23 à 39 ans;divorcé;anc. 1 an  ou moins;Non domicilié;pas d'épargne;autre;moins de 2K encours;moins 10 K  mouvt;plus de 100  débits;découvert  autorisé;chéquier   autorisé;410;200
0740;Mauvais client;de 23 à 39 ans;célibataire;anc. de 4  à 6 ans;Oui domicilié;pas d'épargne;employé;de 2 à 5 K  encours;de 30 à 50K mouvt;de 40 à 100  débits;découvert  autorisé;chéquier   autorisé;465;535
0746;Mauvais client;de 40 à  50 ans;célibataire;anc. de 1  à 4 ans;Non domicilié;pas d'épargne;autre;moins de 2K encours;moins 10 K  mouvt;plus de 100  débits;découvert  autorisé;chéquier   autorisé;330;255
0752;Mauvais client;moins de 23 ans;divorcé;anc. de 1  à 4 ans;Oui domicilié;moins de 10K épargne;employé;plus de 5 K encours;de 30 à 50K mouvt;plus de 100  débits;découvert  interdit;chéquier   autorisé;355;585
0758;Mauvais client;de 23 à 39 ans;marié;anc. 1 an  ou moins;Non domicilié;pas d'épargne;employé;moins de 2K encours;plus de 50K mouvt;plus de 100  débits;découvert  interdit;chéquier   interdit;385;200
0764;Mauvais client;moins de 23 ans;célibataire;anc. 1 an  ou moins;Oui domicilié;pas d'épargne;autre;de 2 à 5 K  encours;de 10 à 30K mouvt;moins de 40  débits;découvert  autorisé;chéquier   autorisé;240;465
0770;Mauvais client;moins de 23 ans;célibataire;anc. 1 an  ou moins;Oui domicilié;pas d'épargne;autre;de 2 à 5 K  encours;moins 10 K  mouvt;moins de 40  débits;découvert  autorisé;chéquier   autorisé;235;450
0776;Mauvais client;de 40 à  50 ans;marié;anc. 1 an  ou moins;Oui domicilié;pas d'épargne;cadre;moins de 2K encours;plus de 50K mouvt;plus de 100  débits;découvert  autorisé;chéquier   autorisé;600;340
0782;Mauvais client;plus de  50 ans;marié;anc. 1 an  ou moins;Oui domicilié;pas d'épargne;cadre;moins de 2K encours;plus de 50K mouvt;de 40 à 100  débits;découvert  autorisé;chéquier   autorisé;695;375
0788;Mauvais client;de 40 à  50 ans;célibataire;anc. de 1  à 4 ans;Non domicilié;pas d'épargne;employé;de 2 à 5 K  encours;moins 10 K  mouvt;plus de 100  débits;découvert  interdit;chéquier   autorisé;580;390
0794;Mauvais client;de 23 à 39 ans;divorcé;anc. 1 an  ou moins;Oui domicilié;pas d'épargne;employé;de 2 à 5 K  encours;de 10 à 30K mouvt;moins de 40  débits;découvert  interdit;chéquier   autorisé;525;495
0800;Mauvais client;moins de 23 ans;célibataire;anc. 1 an  ou moins;Non domicilié;pas d'épargne;autre;de 2 à 5 K  encours;moins 10 K  mouvt;de 40 à 100  débits;découvert  autorisé;chéquier   autorisé;315;335
0806;Mauvais client;de 23 à 39 ans;marié;anc. 1 an  ou moins;Oui domicilié;pas d'épargne;autre;moins de 2K encours;moins 10 K  mouvt;plus de 100  débits;découvert  autorisé;chéquier   autorisé;365;275
0813;Mauvais client;plus de  50 ans;marié;anc. plus   12 ans;Oui domicilié;moins de 10K épargne;cadre;moins de 2K encours;de 10 à 30K mouvt;plus de 100  débits;découvert  autorisé;chéquier   autorisé;690;520
0819;Mauvais client;de 40 à  50 ans;célibataire;anc. de 4  à 6 ans;Non domicilié;pas d'épargne;employé;de 2 à 5 K  encours;moins 10 K  mouvt;de 40 à 100  débits;découvert  autorisé;chéquier   interdit;315;335
0825;Mauvais client;de 23 à 39 ans;marié;anc. 1 an  ou moins;Non domicilié;pas d'épargne;employé;moins de 2K encours;moins 10 K  mouvt;plus de 100  débits;découvert  autorisé;chéquier   interdit;290;105
0831;Mauvais client;de 40 à  50 ans;marié;anc. 1 an  ou moins;Non domicilié;moins de 10K épargne;autre;de 2 à 5 K  encours;plus de 50K mouvt;de 40 à 100  débits;découvert  autorisé;chéquier   autorisé;355;545
0837;Mauvais client;plus de  50 ans;marié;anc. 1 an  ou moins;Non domicilié;pas d'épargne;autre;moins de 2K encours;de 30 à 50K mouvt;plus de 100  débits;découvert  autorisé;chéquier   autorisé;680;295
0843;Mauvais client;de 23 à 39 ans;célibataire;anc. 1 an  ou moins;Non domicilié;pas d'épargne;autre;de 2 à 5 K  encours;moins 10 K  mouvt;de 40 à 100  débits;découvert  interdit;chéquier   autorisé;195;375
0849;Mauvais client;de 23 à 39 ans;célibataire;anc. 1 an  ou moins;Oui domicilié;pas d'épargne;employé;de 2 à 5 K  encours;moins 10 K  mouvt;de 40 à 100  débits;découvert  interdit;chéquier   autorisé;615;430
0855;Mauvais client;plus de  50 ans;marié;anc. plus   12 ans;Oui domicilié;pas d'épargne;cadre;moins de 2K encours;de 30 à 50K mouvt;plus de 100  débits;découvert  autorisé;chéquier   autorisé;670;480
0861;Mauvais client;plus de  50 ans;divorcé;anc. 1 an  ou moins;Non domicilié;pas d'épargne;cadre;de 2 à 5 K  encours;moins 10 K  mouvt;moins de 40  débits;découvert  interdit;chéquier   autorisé;625;415
0867;Mauvais client;de 40 à  50 ans;célibataire;anc. 1 an  ou moins;Non domicilié;pas d'épargne;employé;de 2 à 5 K  encours;moins 10 K  mouvt;de 40 à 100  débits;découvert  autorisé;chéquier   interdit;315;265
0873;Mauvais client;de 23 à 39 ans;divorcé;anc. 1 an  ou moins;Non domicilié;pas d'épargne;cadre;de 2 à 5 K  encours;moins 10 K  mouvt;moins de 40  débits;découvert  interdit;chéquier   autorisé;475;390
0879;Mauvais client;de 23 à 39 ans;célibataire;anc. 1 an  ou moins;Non domicilié;pas d'épargne;autre;de 2 à 5 K  encours;moins 10 K  mouvt;moins de 40  débits;découvert  interdit;chéquier   autorisé;270;435
0885;Mauvais client;de 23 à 39 ans;marié;anc. 1 an  ou moins;Oui domicilié;pas d'épargne;employé;de 2 à 5 K  encours;moins 10 K  mouvt;moins de 40  débits;découvert  interdit;chéquier   interdit;350;385
0891;Mauvais client;moins de 23 ans;célibataire;anc. 1 an  ou moins;Oui domicilié;pas d'épargne;autre;de 2 à 5 K  encours;moins 10 K  mouvt;moins de 40  débits;découvert  autorisé;chéquier   autorisé;250;450
0899;Mauvais client;plus de  50 ans;veuf;anc. plus   12 ans;Oui domicilié;moins de 10K épargne;cadre;de 2 à 5 K  encours;de 30 à 50K mouvt;de 40 à 100  débits;découvert  interdit;chéquier   autorisé;805;740
0905;Mauvais client;de 23 à 39 ans;célibataire;anc. 1 an  ou moins;Oui domicilié;moins de 10K épargne;employé;moins de 2K encours;moins 10 K  mouvt;de 40 à 100  débits;découvert  autorisé;chéquier   autorisé;330;370
0910;Mauvais client;plus de  50 ans;marié;anc. 1 an  ou moins;Oui domicilié;pas d'épargne;cadre;de 2 à 5 K  encours;moins 10 K  mouvt;moins de 40  débits;découvert  autorisé;chéquier   interdit;765;360
0916;Mauvais client;plus de  50 ans;marié;anc. 1 an  ou moins;Non domicilié;pas d'épargne;employé;de 2 à 5 K  encours;moins 10 K  mouvt;moins de 40  débits;découvert  autorisé;chéquier   autorisé;945;455
0923;Mauvais client;plus de  50 ans;marié;anc. plus   12 ans;Oui domicilié;pas d'épargne;cadre;de 2 à 5 K  encours;plus de 50K mouvt;plus de 100  débits;découvert  interdit;chéquier   autorisé;830;645
0929;Mauvais client;de 40 à  50 ans;marié;anc. 1 an  ou moins;Oui domicilié;pas d'épargne;autre;de 2 à 5 K  encours;de 30 à 50K mouvt;moins de 40  débits;découvert  interdit;chéquier   autorisé;375;570